#node	identifier	x_position	y_position	color	annotation
SDY_0837	300267.SDY_0837	0.49330755502676976	0.17945205479452053	rgb(239,131,117)	GSDH domain-containing protein
SDY_1564	300267.SDY_1564	0.5393515764425937	0.9136301369863014	rgb(239,174,117)	Putative chloride channel; Code: P; COG: COG0038
SDY_2270	300267.SDY_2270	0.515258774538965	0.2189041095890411	rgb(117,203,239)	Uncharacterized protein; Code: G; COG: COG1830; orf
SDY_2486	300267.SDY_2486	0.3273349196906603	0.5055479452054795	rgb(117,117,239)	Putative aminotransferase; Code: E; COG: COG0436
SDY_2577	300267.SDY_2577	0.3460737656157049	0.5906164383561644	rgb(117,117,239)	Putative aminotransferase; Code: E; COG: COG0436
SDY_2725	300267.SDY_2725	0.2839678762641285	0.7132876712328767	rgb(117,196,239)	Iron-sulfur cluster assembly scaffold protein IscU; A scaffold on which IscS assembles Fe-S clusters. It is likely that Fe-S cluster coordination is flexible as the role of this complex is to build and then hand off Fe-S clusters. 
aas	300267.SDY_3053	0.6250148720999406	0.2836301369863014	rgb(143,239,117)	Bifunctional protein Aas; Plays a role in lysophospholipid acylation. Transfers fatty acids to the 1-position via an enzyme-bound acyl-ACP intermediate in the presence of ATP and magnesium. Its physiological function is to regenerate phosphatidylethanolamine from 2-acyl-glycero-3- phosphoethanolamine (2-acyl-GPE) formed by transacylation reactions or degradation by phospholipase A1; In the C-terminal section; belongs to the ATP-dependent AMP-binding enzyme family.
accA	300267.SDY_0201	0.596103509815586	0.3508219178082192	rgb(117,239,221)	Acetyl-coenzyme A carboxylase carboxyl transferase subunit alpha; Component of the acetyl coenzyme A carboxylase (ACC) complex. First, biotin carboxylase catalyzes the carboxylation of biotin on its carrier protein (BCCP) and then the CO(2) group is transferred by the carboxyltransferase to acetyl-CoA to form malonyl-CoA. 
accB	300267.SDY_3432	0.5366745984533016	0.39150684931506846	rgb(117,230,239)	Biotin carboxyl carrier protein of acetyl-CoA carboxylase; This protein is a component of the acetyl coenzyme A carboxylase complex; first, biotin carboxylase catalyzes the carboxylation of the carrier protein and then the transcarboxylase transfers the carboxyl group to form malonyl-CoA. 
accC	300267.SDY_3433	0.4772456870910172	0.4217123287671233	rgb(117,194,239)	Biotin carboxylase; This protein is a component of the acetyl coenzyme A carboxylase complex; first, biotin carboxylase catalyzes the carboxylation of the carrier protein and then the transcarboxylase transfers the carboxyl group to form malonyl-CoA. 
accD	300267.SDY_2515	0.5077632361689471	0.4864383561643836	rgb(156,239,117)	Acetyl-coenzyme A carboxylase carboxyl transferase subunit beta; Component of the acetyl coenzyme A carboxylase (ACC) complex. Biotin carboxylase (BC) catalyzes the carboxylation of biotin on its carrier protein (BCCP) and then the CO(2) group is transferred by the transcarboxylase to acetyl-CoA to form malonyl-CoA; Belongs to the AccD/PCCB family.
aceA	300267.SDY_4328	0.3921177870315289	0.2528082191780822	rgb(239,151,117)	Isocitrate lyase; Code: C; COG: COG2224
aceE	300267.SDY_0144	0.41139202855443185	0.31383561643835617	rgb(239,215,117)	Pyruvate dehydrogenase E1 component; Component of the pyruvate dehydrogenase (PDH) complex, that catalyzes the overall conversion of pyruvate to acetyl-CoA and CO(2). 
aceF	300267.SDY_0145	0.4424449732302201	0.3797945205479452	rgb(157,239,117)	Acetyltransferase component of pyruvate dehydrogenase complex; The pyruvate dehydrogenase complex catalyzes the overall conversion of pyruvate to acetyl-CoA and CO(2). 
acnB	300267.SDY_0025	0.33964901844140394	0.2904109589041096	rgb(228,239,117)	Aconitate hydratase B; Code: C; COG: COG1049; Belongs to the aconitase/IPM isomerase family. 
acpP	300267.SDY_2056	0.5227543129089828	0.43589041095890413	rgb(239,118,117)	Acyl carrier protein; Carrier of the growing fatty acid chain in fatty acid biosynthesis; Belongs to the acyl carrier protein (ACP) family. 
adk	300267.SDY_0445	0.5254312908982748	0.5653424657534247	rgb(117,239,153)	Adenylate kinase; Catalyzes the reversible transfer of the terminal phosphate group between ATP and AMP. Plays an important role in cellular energy homeostasis and in adenine nucleotide metabolism; Belongs to the adenylate kinase family.
alr	300267.SDY_4521	0.5580904223676384	0.6892465753424658	rgb(239,158,117)	Alanine racemase; Catalyzes the interconversion of L-alanine and D-alanine. May also act on other amino acids; Belongs to the alanine racemase family.
appB	300267.SDY_0954	0.35838786436644854	0.21027397260273972	rgb(117,239,127)	Probable third cytochrome oxidase, subunit II; Code: C; COG: COG1294
appC	300267.SDY_0953	0.384622248661511	0.20102739726027397	rgb(117,163,239)	Probable third cytochrome oxidase, subunit I; Original product: nickel incorporation into hydrogenase-1 proteins
argA	300267.SDY_3035	0.43762641284949433	0.40136986301369865	rgb(117,117,239)	Amino acid acetyltransferase; Code: E; COG: COG0548; Belongs to the acetyltransferase family. ArgA subfamily. 
argB	300267.SDY_3794	0.4676085663295657	0.6787671232876713	rgb(117,239,213)	Acetylglutamate kinase; Catalyzes the ATP-dependent phosphorylation of N-acetyl-L- glutamate.
argC	300267.SDY_3793	0.3171624033313504	0.5838356164383561	rgb(117,125,239)	N-acetyl-gamma-glutamyl-phosphate reductase; Catalyzes the NADPH-dependent reduction of N-acetyl-5- glutamyl phosphate to yield N-acetyl-L-glutamate 5-semialdehyde. ; Belongs to the NAGSA dehydrogenase family. Type 1 subfamily.
argD	300267.SDY_3521	0.37016656751933374	0.5086301369863014	rgb(117,147,239)	Acetylornithine/succinyldiaminopimelate aminotransferase; Involved in both the arginine and lysine biosynthetic pathways; Belongs to the class-III pyridoxal-phosphate-dependent aminotransferase family. ArgD subfamily.
argE	300267.SDY_3792	0.39265318262938725	0.6836986301369864	rgb(239,132,117)	Acetylornithine deacetylase; Code: E; COG: COG0624; Belongs to the peptidase M20A family. ArgE subfamily. 
argG	300267.SDY_3351	0.4055026769779893	0.593082191780822	rgb(239,214,117)	Argininosuccinate synthase; Code: E; COG: COG0137; Belongs to the argininosuccinate synthase family. Type 2 subfamily.
argH	300267.SDY_3795	0.37712671029149314	0.5382191780821918	rgb(195,239,117)	Argininosuccinate lyase; Code: E; COG: COG0165
argI	300267.SDY_4276	0.3219809637120762	0.5610273972602741	rgb(136,239,117)	Ornithine carbamoyltransferase; Reversibly catalyzes the transfer of the carbamoyl group from carbamoyl phosphate (CP) to the N(epsilon) atom of ornithine (ORN) to produce L-citrulline; Belongs to the aspartate/ornithine carbamoyltransferase superfamily. OTCase family.
aroA	300267.SDY_2353	0.4558298631766805	0.5684246575342466	rgb(178,171,0)	3-phosphoshikimate 1-carboxyvinyltransferase; Catalyzes the transfer of the enolpyruvyl moiety of phosphoenolpyruvate (PEP) to the 5-hydroxyl of shikimate-3-phosphate (S3P) to produce enolpyruvyl shikimate-3-phosphate and inorganic phosphate.
aroB	300267.SDY_3690	0.4542236763831053	0.4093835616438356	rgb(117,239,147)	3-dehydroquinate synthase; Catalyzes the conversion of 3-deoxy-D-arabino-heptulosonate 7-phosphate (DAHP) to dehydroquinate (DHQ); Belongs to the sugar phosphate cyclases superfamily. Dehydroquinate synthase family.
aroC	300267.SDY_2528	0.4087150505651398	0.4617808219178082	rgb(117,213,239)	Chorismate synthase; Catalyzes the anti-1,4-elimination of the C-3 phosphate and the C-6 proR hydrogen from 5-enolpyruvylshikimate-3-phosphate (EPSP) to yield chorismate, which is the branch point compound that serves as the starting substrate for the three terminal pathways of aromatic amino acid biosynthesis. This reaction introduces a second double bond into the aromatic ring system.
aroD	300267.SDY_1474	0.22989292088042834	0.5110958904109589	rgb(231,239,117)	3-dehydroquinate dehydratase; Involved in the third step of the chorismate pathway, which leads to the biosynthesis of aromatic amino acids. Catalyzes the cis- dehydration of 3-dehydroquinate (DHQ) and introduces the first double bond of the aromatic ring to yield 3-dehydroshikimate. ; Belongs to the type-I 3-dehydroquinase family. 
aroE	300267.SDY_3458	0.3931885782272457	0.49753424657534245	rgb(239,138,117)	Shikimate dehydrogenase (NADP(+)); Involved in the biosynthesis of the chorismate, which leads to the biosynthesis of aromatic amino acids. Catalyzes the reversible NADPH linked reduction of 3-dehydroshikimate (DHSA) to yield shikimate (SA).
aroF	300267.SDY_2765	0.3605294467578822	0.19116438356164384	rgb(239,140,117)	Phospho-2-dehydro-3-deoxyheptonate aldolase; Stereospecific condensation of phosphoenolpyruvate (PEP) and D-erythrose-4-phosphate (E4P) giving rise to 3-deoxy-D-arabino- heptulosonate-7-phosphate (DAHP).
aroG	300267.SDY_0701	0.31341463414634146	0.22013698630136985	rgb(205,239,117)	Phospho-2-dehydro-3-deoxyheptonate aldolase; Stereospecific condensation of phosphoenolpyruvate (PEP) and D-erythrose-4-phosphate (E4P) giving rise to 3-deoxy-D-arabino- heptulosonate-7-phosphate (DAHP).
aroH	300267.SDY_1798	0.3342950624628197	0.20595890410958906	rgb(239,186,117)	Phospho-2-dehydro-3-deoxyheptonate aldolase; Stereospecific condensation of phosphoenolpyruvate (PEP) and D-erythrose-4-phosphate (E4P) giving rise to 3-deoxy-D-arabino- heptulosonate-7-phosphate (DAHP).
aroK	300267.SDY_3689	0.5575550267697799	0.4284931506849315	rgb(239,231,117)	Shikimate kinase 1; Catalyzes the specific phosphorylation of the 3-hydroxyl group of shikimic acid using ATP as a cosubstrate; Belongs to the shikimate kinase family.
aroL	300267.SDY_0355	0.3557108863771564	0.3323287671232877	rgb(239,221,117)	Shikimate kinase 2; Catalyzes the specific phosphorylation of the 3-hydroxyl group of shikimic acid using ATP as a cosubstrate.
asd	300267.SDY_3579	0.4017549077929804	0.3902739726027397	rgb(117,162,239)	Aspartate-semialdehyde dehydrogenase; Catalyzes the NADPH-dependent formation of L-aspartate- semialdehyde (L-ASA) by the reductive dephosphorylation of L-aspartyl- 4-phosphate; Belongs to the aspartate-semialdehyde dehydrogenase family. 
asnA	300267.SDY_4004	0.196162998215348	0.5462328767123288	rgb(117,220,239)	Aspartate--ammonia ligase; Code: E; COG: COG2502
asnB	300267.SDY_0608	0.3942593694229625	0.46671232876712326	rgb(117,236,239)	Asparagine synthetase B; Code: E; COG: COG0367
aspC	300267.SDY_2329	0.30966686496133256	0.43095890410958904	rgb(142,239,117)	Aminotransferase; Code: E; COG: COG1448
atpA	300267.SDY_4014	0.5655859607376562	0.4173972602739726	rgb(209,239,117)	ATP synthase subunit alpha; Produces ATP from ADP in the presence of a proton gradient across the membrane. The alpha chain is a regulatory subunit. ; Belongs to the ATPase alpha/beta chains family. 
atpB	300267.SDY_4010	0.6453599048185604	0.4815068493150685	rgb(166,239,117)	ATP synthase subunit a; Key component of the proton channel; it plays a direct role in the translocation of protons across the membrane. 
atpC	300267.SDY_4017	0.5907495538370018	0.5147945205479453	rgb(239,129,117)	ATP synthase epsilon chain; Produces ATP from ADP in the presence of a proton gradient across the membrane.
atpD	300267.SDY_4016	0.5420285544318858	0.46856164383561644	rgb(117,239,120)	ATP synthase subunit beta; Produces ATP from ADP in the presence of a proton gradient across the membrane. The catalytic sites are hosted primarily by the beta subunits; Belongs to the ATPase alpha/beta chains family. 
atpE	300267.SDY_4011	0.6078822129684712	0.38595890410958905	rgb(117,239,218)	ATP synthase subunit c; F(1)F(0) ATP synthase produces ATP from ADP in the presence of a proton or sodium gradient. F-type ATPases consist of two structural domains, F(1) containing the extramembraneous catalytic core and F(0) containing the membrane proton channel, linked together by a central stalk and a peripheral stalk. During catalysis, ATP synthesis in the catalytic domain of F(1) is coupled via a rotary mechanism of the central stalk subunits to proton translocation.
atpF	300267.SDY_4012	0.6544616299821535	0.4352739726027397	rgb(239,143,117)	ATP synthase subunit b; F(1)F(0) ATP synthase produces ATP from ADP in the presence of a proton or sodium gradient. F-type ATPases consist of two structural domains, F(1) containing the extramembraneous catalytic core and F(0) containing the membrane proton channel, linked together by a central stalk and a peripheral stalk. During catalysis, ATP synthesis in the catalytic domain of F(1) is coupled via a rotary mechanism of the central stalk subunits to proton translocation.
atpG	300267.SDY_4015	0.6234086853063653	0.3871917808219178	rgb(211,239,117)	ATP synthase gamma chain; Produces ATP from ADP in the presence of a proton gradient across the membrane. The gamma chain is believed to be important in regulating ATPase activity and the flow of protons through the CF(0) complex.
atpH	300267.SDY_4013	0.5661213563355146	0.37917808219178084	rgb(192,239,117)	ATP synthase subunit delta; F(1)F(0) ATP synthase produces ATP from ADP in the presence of a proton or sodium gradient. F-type ATPases consist of two structural domains, F(1) containing the extramembraneous catalytic core and F(0) containing the membrane proton channel, linked together by a central stalk and a peripheral stalk. During catalysis, ATP synthesis in the catalytic domain of F(1) is coupled via a rotary mechanism of the central stalk subunits to proton translocation; Belongs to the ATPase delta chain family. 
avtA	300267.SDY_3707	0.17528256989886976	0.45623287671232876	rgb(129,239,117)	Alanine-alpha-ketoisovalerate (Or valine-pyruvate) transaminase; Transaminase C; Code: E; COG: COG3977
bioA	300267.SDY_0832	0.3824806662700773	0.5345205479452054	rgb(117,117,239)	Adenosylmethionine-8-amino-7-oxononanoate aminotransferase; Catalyzes the transfer of the alpha-amino group from S- adenosyl-L-methionine (SAM) to 7-keto-8-aminopelargonic acid (KAPA) to form 7,8-diaminopelargonic acid (DAPA). It is the only animotransferase known to utilize SAM as an amino donor; Belongs to the class-III pyridoxal-phosphate-dependent aminotransferase family. BioA subfamily.
bioB	300267.SDY_0831	0.37070196311719217	0.7231506849315069	rgb(222,239,117)	Biotin synthase; Catalyzes the conversion of dethiobiotin (DTB) to biotin by the insertion of a sulfur atom into dethiobiotin via a radical-based mechanism; Belongs to the radical SAM superfamily. Biotin synthase family.
bioC	300267.SDY_0829	0.3027067221891731	0.5413013698630137	rgb(117,117,239)	Malonyl-[acyl-carrier protein] O-methyltransferase; Converts the free carboxyl group of a malonyl-thioester to its methyl ester by transfer of a methyl group from S-adenosyl-L- methionine (SAM). It allows to synthesize pimeloyl-ACP via the fatty acid synthetic pathway.
bioD	300267.SDY_0828	0.3391136228435455	0.5782876712328767	rgb(117,239,237)	ATP-dependent dethiobiotin synthetase BioD; Catalyzes a mechanistically unusual reaction, the ATP- dependent insertion of CO2 between the N7 and N8 nitrogen atoms of 7,8- diaminopelargonic acid (DAPA) to form an ureido ring. ; Belongs to the dethiobiotin synthetase family. 
bioF	300267.SDY_0830	0.2443486020226056	0.4198630136986301	rgb(215,239,117)	8-amino-7-oxononanoate synthase; Catalyzes the decarboxylative condensation of pimeloyl-[acyl- carrier protein] and L-alanine to produce 8-amino-7-oxononanoate (AON), [acyl-carrier protein], and carbon dioxide.
bioH	300267.SDY_3663	0.45368828078524687	0.28116438356164386	rgb(117,239,195)	Pimeloyl-[acyl-carrier protein] methyl ester esterase; The physiological role of BioH is to remove the methyl group introduced by BioC when the pimeloyl moiety is complete. It allows to synthesize pimeloyl-ACP via the fatty acid synthetic pathway through the hydrolysis of the ester bonds of pimeloyl-ACP esters. 
brnQ	300267.SDY_0336	0.826859012492564	0.35205479452054794	rgb(117,154,239)	Branched-chain amino acid transport system carrier protein; Component of the transport system for branched-chain amino acids.
carA	300267.SDY_0054	0.5104402141582393	0.6134246575342467	rgb(225,239,117)	Carbamoyl-phosphate synthase small chain; Small subunit; Code: EF; COG: COG0505; Belongs to the CarA family.
carB	300267.SDY_0055	0.4242415229030339	0.5468493150684932	rgb(117,137,239)	Carbamoyl-phosphate synthase large chain; Code: EF; COG: COG0458; Belongs to the CarB family.
cdd	300267.SDY_2144	0.6100237953599048	0.3341780821917808	rgb(117,239,238)	Cytidine deaminase; This enzyme scavenges exogenous and endogenous cytidine and 2'-deoxycytidine for UMP synthesis.
cdsA	300267.SDY_0191	0.6790898274836408	0.44452054794520546	rgb(0,28,178)	Phosphatidate cytidylyltransferase; Code: I; COG: COG0575; Belongs to the CDS family.
cmk	300267.SDY_2348	0.5613027959547888	0.5893835616438357	rgb(117,239,124)	Cytidylate kinase; Code: F; COG: COG0283
coaA	300267.SDY_3754	0.648572278405711	0.7675342465753425	rgb(239,183,117)	Pantothenate kinase; Code: H; COG: COG1072
corA	300267.SDY_3929	0.4943783462224866	0.08082191780821918	rgb(117,239,224)	Magnesium transport protein CorA; Mediates influx of magnesium ions. Can also mediate cobalt and manganese uptake (By similarity). Alternates between open and closed states. Activated by low cytoplasmic Mg(2+) levels. Inactive when cytoplasmic Mg(2+) levels are high (By similarity). ; Belongs to the CorA metal ion transporter (MIT) (TC 1.A.35) family.
crr	300267.SDY_2614	0.5912849494348603	0.21397260273972601	rgb(239,117,117)	PTS system, glucose-specific IIA component; Code: G; COG: COG2190
cyaY	300267.SDY_3938	0.38944080904223677	0.8137671232876713	rgb(117,117,239)	Iron-sulfur cluster assembly protein CyaY; Involved in iron-sulfur (Fe-S) cluster assembly. May act as a regulator of Fe-S biogenesis.
cysA	300267.SDY_2618	0.4713563355145747	0.8359589041095892	rgb(117,239,209)	Sulfate/thiosulfate import ATP-binding protein CysA; Part of the ABC transporter complex CysAWTP involved in sulfate/thiosulfate import. Responsible for energy coupling to the transport system.
cysC	300267.SDY_2949	0.3348304580606782	0.712054794520548	rgb(117,239,161)	Adenylyl-sulfate kinase; Catalyzes the synthesis of activated sulfate. 
cysD	300267.SDY_2951	0.32037477691850086	0.7533561643835618	rgb(117,156,239)	ATP:sulfate adenylyltransferase; probably a GTPase; Code: EH; COG: COG0175
cysE	300267.SDY_4040	0.37391433670434265	0.651027397260274	rgb(239,234,117)	Acetyltransferase; Code: E; COG: COG1045; Belongs to the transferase hexapeptide repeat family. 
cysG	300267.SDY_3530	0.35464009518143963	0.753972602739726	rgb(117,239,210)	Uroporphyrinogen-III C-methyltransferase; Multifunctional enzyme that catalyzes the SAM-dependent methylations of uroporphyrinogen III at position C-2 and C-7 to form precorrin-2 via precorrin-1. Then it catalyzes the NAD-dependent ring dehydrogenation of precorrin-2 to yield sirohydrochlorin. Finally, it catalyzes the ferrochelation of sirohydrochlorin to yield siroheme. 
cysH	300267.SDY_2964	0.39479476502082095	0.749041095890411	rgb(145,239,117)	Phosphoadenosine phosphosulfate reductase; Reduction of activated sulfate into sulfite. ; Belongs to the PAPS reductase family. CysH subfamily. 
cysI	300267.SDY_2965	0.34393218322427127	0.6929452054794522	rgb(239,168,117)	Sulfite reductase [NADPH] hemoprotein beta-component; Component of the sulfite reductase complex that catalyzes the 6-electron reduction of sulfite to sulfide. This is one of several activities required for the biosynthesis of L-cysteine from sulfate. ; Belongs to the nitrite and sulfite reductase 4Fe-4S domain family.
cysJ	300267.SDY_2966	0.4129982153480071	0.7582876712328768	rgb(239,177,117)	Sulfite reductase [NADPH] flavoprotein alpha-component; Component of the sulfite reductase complex that catalyzes the 6-electron reduction of sulfite to sulfide. This is one of several activities required for the biosynthesis of L-cysteine from sulfate. The flavoprotein component catalyzes the electron flow from NADPH -> FAD -> FMN to the hemoprotein component; Belongs to the NADPH-dependent sulphite reductase flavoprotein subunit CysJ family. In the C-terminal section; belongs to the flavoprotein pyridine nucleotide cytochrome reductase family.
cysK	300267.SDY_2611	0.31662700773349195	0.6744520547945205	rgb(239,180,117)	Cysteine synthase; O-acetylserine sulfhydrolase A; Code: E; COG: COG0031; Belongs to the cysteine synthase/cystathionine beta- synthase family.
cysM	300267.SDY_2617	0.310202260559191	0.67013698630137	rgb(101,255,163)	Cysteine synthase; O-acetylserine sulfhydrolase B; Code: E; COG: COG0031; Belongs to the cysteine synthase/cystathionine beta- synthase family.
cysN	300267.SDY_2950	0.3043129089827484	0.7416438356164384	rgb(117,239,184)	Sulfate adenylyltransferase subunit 1; May be the GTPase, regulating ATP sulfurylase activity. ; Belongs to the TRAFAC class translation factor GTPase superfamily. Classic translation factor GTPase family. CysN/NodQ subfamily.
cysP	300267.SDY_2621	0.26951219512195124	0.8273287671232877	rgb(117,170,239)	Thiosulfate binding protein; Code: P; COG: COG4150
cysQ	300267.SDY_4385	0.28985722784057105	0.5141780821917808	rgb(202,239,117)	3'(2'),5'-bisphosphate nucleotidase CysQ; Converts adenosine-3',5'-bisphosphate (PAP) to AMP. ; Belongs to the inositol monophosphatase superfamily. CysQ family.
cysU	300267.SDY_2620	0.4049672813801309	0.8797260273972604	rgb(117,227,239)	Sulfate transport system permease protein CysT; Part of the ABC transporter complex (TC 3.A.1.6.1) involved in sulfate/thiosulfate import; Belongs to the binding-protein-dependent transport system permease family. CysTW subfamily.
cysW	300267.SDY_2619	0.35464009518143963	0.827945205479452	rgb(117,239,207)	ABC-type sulfate transport system, permease component; Code: P; COG: COG4208
dapA	300267.SDY_2667	0.5099048185603807	0.5006164383561644	rgb(14,178,0)	4-hydroxy-tetrahydrodipicolinate synthase; Catalyzes the condensation of (S)-aspartate-beta-semialdehyde [(S)-ASA] and pyruvate to 4-hydroxy-tetrahydrodipicolinate (HTPA). 
dapB	300267.SDY_0053	0.46867935752528256	0.6134246575342467	rgb(117,239,152)	4-hydroxy-tetrahydrodipicolinate reductase; Catalyzes the conversion of 4-hydroxy-tetrahydrodipicolinate (HTPA) to tetrahydrodipicolinate; Belongs to the DapB family.
dapD	300267.SDY_0182	0.49116597263533607	0.7311643835616439	rgb(117,239,132)	2,3,4,5-tetrahydropyridine-2,6-dicarboxylate N-succinyltransferase; Code: E; COG: COG2171; Belongs to the transferase hexapeptide repeat family. 
dapE	300267.SDY_2656	0.4751041046995836	0.47904109589041094	rgb(101,199,255)	Succinyl-diaminopimelate desuccinylase; Catalyzes the hydrolysis of N-succinyl-L,L-diaminopimelic acid (SDAP), forming succinate and LL-2,6-diaminoheptanedioate (DAP), an intermediate involved in the bacterial biosynthesis of lysine and meso-diaminopimelic acid, an essential component of bacterial cell walls; Belongs to the peptidase M20A family. DapE subfamily. 
dapF	300267.SDY_3936	0.5206127305175491	0.6269863013698631	rgb(174,239,117)	Diaminopimelate epimerase; Catalyzes the stereoinversion of LL-2,6-diaminoheptanedioate (L,L-DAP) to meso-diaminoheptanedioate (meso-DAP), a precursor of L- lysine and an essential component of the bacterial peptidoglycan. 
ddlA	300267.SDY_0365	0.6458953004164188	0.4155479452054795	rgb(137,239,117)	D-alanine--D-alanine ligase; Cell wall formation; Belongs to the D-alanine--D-alanine ligase family. 
ddlB	300267.SDY_0122	0.6041344437834623	0.6553424657534247	rgb(117,145,239)	D-alanine--D-alanine ligase; Cell wall formation; Belongs to the D-alanine--D-alanine ligase family. 
deoB	300267.SDY_4643	0.6673111243307556	0.30397260273972604	rgb(117,117,239)	Phosphopentomutase; Phosphotransfer between the C1 and C5 carbon atoms of pentose; Belongs to the phosphopentomutase family. 
dfp	300267.SDY_4069	0.4734979179060083	0.6405479452054795	rgb(117,153,239)	Coenzyme A biosynthesis bifunctional protein CoaBC; Catalyzes two steps in the biosynthesis of coenzyme A. In the first step cysteine is conjugated to 4'-phosphopantothenate to form 4- phosphopantothenoylcysteine, in the latter compound is decarboxylated to form 4'-phosphopantotheine; In the C-terminal section; belongs to the PPC synthetase family.
dut	300267.SDY_4070	0.5709399167162403	0.6158904109589042	rgb(191,239,117)	Deoxyuridine 5'-triphosphate nucleotidohydrolase; This enzyme is involved in nucleotide metabolism: it produces dUMP, the immediate precursor of thymidine nucleotides and it decreases the intracellular concentration of dUTP so that uracil cannot be incorporated into DNA; Belongs to the dUTPase family.
dxs	300267.SDY_0310	0.6041344437834623	0.5789041095890411	rgb(117,239,197)	1-deoxy-D-xylulose-5-phosphate synthase; Catalyzes the acyloin condensation reaction between C atoms 2 and 3 of pyruvate and glyceraldehyde 3-phosphate to yield 1-deoxy-D- xylulose-5-phosphate (DXP); Belongs to the transketolase family. DXPS subfamily. 
eda	300267.SDY_1136	0.5265020820939917	0.2497260273972603	rgb(117,208,239)	2-keto-3-deoxygluconate 6-phosphate aldolase/2-keto-4-hydroxyglutarate aldolase; Code: G; COG: COG0800
edd	300267.SDY_1137	0.33750743604997024	0.30705479452054796	rgb(117,239,117)	Phosphogluconate dehydratase; Catalyzes the dehydration of 6-phospho-D-gluconate to 2- dehydro-3-deoxy-6-phospho-D-gluconate; Belongs to the IlvD/Edd family.
eno	300267.SDY_2996	0.5543426531826294	0.40445205479452057	rgb(187,255,101)	Enolase; Catalyzes the reversible conversion of 2-phosphoglycerate into phosphoenolpyruvate. It is essential for the degradation of carbohydrates via glycolysis.
epd	300267.SDY_3155	0.5281082688875669	0.3428082191780822	rgb(117,239,201)	D-erythrose-4-phosphate dehydrogenase; Catalyzes the NAD-dependent conversion of D-erythrose 4- phosphate to 4-phosphoerythronate.
fabA	300267.SDY_0927	0.6946162998215348	0.41000000000000003	rgb(117,239,227)	3-hydroxydecanoyl-[acyl-carrier-protein] dehydratase; Necessary for the introduction of cis unsaturation into fatty acids. Catalyzes the dehydration of (3R)-3-hydroxydecanoyl-ACP to E- (2)-decenoyl-ACP and then its isomerization to Z-(3)-decenoyl-ACP. Can catalyze the dehydratase reaction for beta-hydroxyacyl-ACPs with saturated chain lengths up to 16:0, being most active on intermediate chain length.
fabB	300267.SDY_2522	0.6394705532421178	0.3273972602739726	rgb(117,151,239)	3-oxoacyl-[acyl-carrier-protein] synthase I; Code: IQ; COG: COG0304; Belongs to the thiolase-like superfamily. Beta-ketoacyl-ACP synthases family.
fabD	300267.SDY_2058	0.6148423557406306	0.4284931506849315	rgb(239,198,117)	Malonyl CoA-acyl carrier protein transacylase; Code: I; COG: COG0331
fabG	300267.SDY_2057	0.5730814991076741	0.34835616438356165	rgb(117,117,239)	3-oxoacyl-[acyl-carrier-protein] reductase; Catalyzes the NADPH-dependent reduction of beta-ketoacyl-ACP substrates to beta-hydroxyacyl-ACP products, the first reductive step in the elongation cycle of fatty acid biosynthesis. ; Belongs to the short-chain dehydrogenases/reductases (SDR) family.
fabH	300267.SDY_2059	0.560232004759072	0.3613013698630137	rgb(239,238,117)	3-oxoacyl-[acyl-carrier-protein] synthase 3; Catalyzes the condensation reaction of fatty acid synthesis by the addition to an acyl acceptor of two carbons from malonyl-ACP. Catalyzes the first condensation reaction which initiates fatty acid synthesis and may therefore play a role in governing the total rate of fatty acid production. Possesses both acetoacetyl-ACP synthase and acetyl transacylase activities. Its substrate specificity determines the biosynthesis of branched-chain and/or straight-chain of fatty acids; Belongs to the thiolase-like superfamily. FabH family. 
fabI	300267.SDY_1368	0.6234086853063653	0.4032191780821918	rgb(117,128,239)	Enoyl-[acyl-carrier-protein] reductase [NADH]; Code: I; COG: COG0623
fabZ	300267.SDY_0196	0.6373289708506842	0.46671232876712326	rgb(239,226,117)	3-hydroxyacyl-[acyl-carrier-protein] dehydratase FabZ; Involved in unsaturated fatty acids biosynthesis. Catalyzes the dehydration of short chain beta-hydroxyacyl-ACPs and long chain saturated and unsaturated beta-hydroxyacyl-ACPs.
fadB	300267.SDY_3899	0.488488994646044	0.21643835616438356	rgb(117,173,239)	Enoyl-CoA hydratase/Delta(3)-cis-Delta(2)-trans-enoyl-CoA isomerase/3-hydroxybutyryl-CoA epimerase; Involved in the aerobic and anaerobic degradation of long- chain fatty acids via beta-oxidation cycle. Catalyzes the formation of 3-oxoacyl-CoA from enoyl-CoA via L-3-hydroxyacyl-CoA. It can also use D-3-hydroxyacyl-CoA and cis-3-enoyl-CoA as substrate. ; In the C-terminal section; belongs to the 3-hydroxyacyl-CoA dehydrogenase family.
fba	300267.SDY_3157	0.6330458060678169	0.3015068493150685	rgb(117,117,239)	Fructose-bisphosphate aldolase; Catalyzes the aldol condensation of dihydroxyacetone phosphate (DHAP or glycerone-phosphate) with glyceraldehyde 3-phosphate (G3P) to form fructose 1,6-bisphosphate (FBP) in gluconeogenesis and the reverse reaction in glycolysis; Belongs to the class II fructose-bisphosphate aldolase family.
folA	300267.SDY_0071	0.469214753123141	0.5332876712328768	rgb(117,117,239)	Dihydrofolate reductase; Key enzyme in folate metabolism. Catalyzes an essential reaction for de novo glycine and purine synthesis, and for DNA precursor synthesis.
folD	300267.SDY_0281	0.4146044021415824	0.5228082191780823	rgb(239,191,117)	Methenyltetrahydrofolate cyclohydrolase; Catalyzes the oxidation of 5,10-methylenetetrahydrofolate to 5,10-methenyltetrahydrofolate and then the hydrolysis of 5,10- methenyltetrahydrofolate to 10-formyltetrahydrofolate. 
galP	300267.SDY_3129	0.8455978584176086	0.7909589041095891	rgb(239,155,117)	Galactose-proton symport of transport system; Code: GEPR; COG: COG0477; Belongs to the major facilitator superfamily. Sugar transporter (TC 2.A.1.1) family.
gapA	300267.SDY_1488	0.5125817965496728	0.34034246575342464	rgb(117,117,239)	Glyceraldehyde-3-phosphate dehydrogenase; Code: G; COG: COG0057; Belongs to the glyceraldehyde-3-phosphate dehydrogenase family.
gcl	300267.SDY_0395	0.2566627007733492	0.2306164383561644	rgb(140,239,117)	Glyoxylate carboligase; Code: R; COG: COG3960; Belongs to the TPP enzyme family. 
gcpE	300267.SDY_2711	0.6201963117192149	0.6941780821917809	rgb(203,239,117)	4-hydroxy-3-methylbut-2-en-1-yl diphosphate synthase (flavodoxin); Converts 2C-methyl-D-erythritol 2,4-cyclodiphosphate (ME- 2,4cPP) into 1-hydroxy-2-methyl-2-(E)-butenyl 4-diphosphate. ; Belongs to the IspG family.
gcvH	300267.SDY_3177	0.3011005353955979	0.45130136986301367	rgb(117,117,239)	Glycine cleavage system H protein; The glycine cleavage system catalyzes the degradation of glycine. The H protein shuttles the methylamine group of glycine from the P protein to the T protein.
gcvP	300267.SDY_3178	0.2957465794170137	0.49260273972602736	rgb(117,239,158)	Glycine dehydrogenase (decarboxylating); The glycine cleavage system catalyzes the degradation of glycine. The P protein binds the alpha-amino group of glycine through its pyridoxal phosphate cofactor; CO(2) is released and the remaining methylamine moiety is then transferred to the lipoamide cofactor of the H protein; Belongs to the GcvP family.
gcvT	300267.SDY_3176	0.3235871505056514	0.446986301369863	rgb(239,201,117)	Aminomethyltransferase; The glycine cleavage system catalyzes the degradation of glycine.
gdhA	300267.SDY_1514	0.37926829268292683	0.4093835616438356	rgb(237,239,117)	Glutamate dehydrogenase; Code: E; COG: COG0334; Belongs to the Glu/Leu/Phe/Val dehydrogenases family. 
glk	300267.SDY_2587	0.6019928613920286	0.2860958904109589	rgb(117,239,163)	Glucokinase; Code: G; COG: COG0837; Belongs to the bacterial glucokinase family. 
glmS	300267.SDY_4019	0.5639797739440809	0.4654794520547945	rgb(117,211,239)	Glutamine--fructose-6-phosphate aminotransferase [isomerizing]; Catalyzes the first step in hexosamine metabolism, converting fructose-6P into glucosamine-6P using glutamine as a nitrogen source. 
glmU	300267.SDY_4018	0.6228732897085069	0.4500684931506849	rgb(117,239,235)	Glucosamine-1-phosphate N-acetyltransferase; Catalyzes the last two sequential reactions in the de novo biosynthetic pathway for UDP-N-acetylglucosamine (UDP-GlcNAc). The C- terminal domain catalyzes the transfer of acetyl group from acetyl coenzyme A to glucosamine-1-phosphate (GlcN-1-P) to produce N- acetylglucosamine-1-phosphate (GlcNAc-1-P), which is converted into UDP-GlcNAc by the transfer of uridine 5-monophosphate (from uridine 5- triphosphate), a reaction catalyzed by the N-terminal domain. ; In the C-terminal section; belongs to the transferase hexapeptide repeat family.
glnA	300267.SDY_3873	0.43762641284949433	0.46856164383561644	rgb(117,117,239)	Glutamine synthetase; Code: E; COG: COG0174
gltA	300267.SDY_0658	0.43655562165377754	0.41061643835616435	rgb(117,117,239)	Citrate synthase; Code: C; COG: COG0372; Belongs to the citrate synthase family. 
gltB	300267.SDY_3393	0.4108566329565735	0.4704109589041096	rgb(117,239,220)	Glutamate synthase, large subunit; Code: E; COG: COG0069
gltD	300267.SDY_3394	0.23417608566329567	0.49445205479452053	rgb(180,239,117)	Glutamate synthase, small subunit; Code: ER; COG: COG0493
gltX	300267.SDY_2600	0.5104402141582393	0.46301369863013697	rgb(239,197,117)	Glutamate--tRNA ligase; Catalyzes the attachment of glutamate to tRNA(Glu) in a two- step reaction: glutamate is first activated by ATP to form Glu-AMP and then transferred to the acceptor end of tRNA(Glu).
glyA	300267.SDY_2741	0.4569006543723974	0.5147945205479453	rgb(117,183,239)	Serine hydroxymethyltransferase; Catalyzes the reversible interconversion of serine and glycine with tetrahydrofolate (THF) serving as the one-carbon carrier. This reaction serves as the major source of one-carbon groups required for the biosynthesis of purines, thymidylate, methionine, and other important biomolecules. Also exhibits THF-independent aldolase activity toward beta-hydroxyamino acids, producing glycine and aldehydes, via a retro-aldol mechanism.
gmk	300267.SDY_4080	0.5452409280190363	0.5098630136986301	rgb(117,239,186)	Guanylate kinase; Essential for recycling GMP and indirectly, cGMP. 
gnd	300267.SDY_2212	0.397471743010113	0.2984246575342466	rgb(117,239,155)	6-phosphogluconate dehydrogenase, decarboxylating; Catalyzes the oxidative decarboxylation of 6-phosphogluconate to ribulose 5-phosphate and CO(2), with concomitant reduction of NADP to NADPH.
gntK	300267.SDY_3588	0.4831350386674599	0.3052054794520548	rgb(117,239,206)	Gluconokinase; Code: G; COG: COG3265
gor	300267.SDY_3562	0.45957763236168947	0.2632876712328767	rgb(239,120,117)	Glutathione oxidoreductase; Code: C; COG: COG1249
gpsA	300267.SDY_4041	0.5864663890541345	0.373013698630137	rgb(239,157,117)	Glycerol-3-phosphate dehydrogenase [NAD(P)+]; Code: C; COG: COG0240; Belongs to the NAD-dependent glycerol-3-phosphate dehydrogenase family.
guaA	300267.SDY_2703	0.511511005353956	0.5832191780821919	rgb(117,239,177)	GMP synthase [glutamine-hydrolyzing]; Catalyzes the synthesis of GMP from XMP.
guaB	300267.SDY_2704	0.4633254015466984	0.438972602739726	rgb(117,219,239)	Inosine-5'-monophosphate dehydrogenase; Catalyzes the conversion of inosine 5'-phosphate (IMP) to xanthosine 5'-phosphate (XMP), the first committed and rate-limiting step in the de novo synthesis of guanine nucleotides, and therefore plays an important role in the regulation of cell growth. ; Belongs to the IMPDH/GMPR family.
gutQ	300267.SDY_2905	0.671594289113623	0.4032191780821918	rgb(117,234,239)	Arabinose 5-phosphate isomerase; Code: M; COG: COG0794; orf
hemA	300267.SDY_1259	0.5222189173111244	0.6374657534246576	rgb(117,117,239)	Glutamyl-tRNA reductase; Catalyzes the NADPH-dependent reduction of glutamyl-tRNA(Glu) to glutamate 1-semialdehyde (GSA).
hemB	300267.SDY_0501	0.4370910172516359	0.6319178082191782	rgb(117,202,239)	Delta-aminolevulinic acid dehydratase; Porphobilinogen synthase; Code: H; COG: COG0113; Belongs to the ALAD family. 
hemC	300267.SDY_3941	0.4488697204045211	0.7015753424657535	rgb(239,195,117)	Porphobilinogen deaminase; Tetrapolymerization of the monopyrrole PBG into the hydroxymethylbilane pre-uroporphyrinogen in several discrete steps. ; Belongs to the HMBS family.
hemD	300267.SDY_3942	0.29039262343842953	0.6744520547945205	rgb(128,239,117)	Uroporphyrinogen-III synthase; Catalyzes cyclization of the linear tetrapyrrole, hydroxymethylbilane, to the macrocyclic uroporphyrinogen III. 
hemE	300267.SDY_3729	0.420493753718025	0.6017123287671233	rgb(239,184,117)	Uroporphyrinogen decarboxylase; Catalyzes the decarboxylation of four acetate groups of uroporphyrinogen-III to yield coproporphyrinogen-III. 
hemF	300267.SDY_2634	0.2625520523497918	0.6035616438356165	rgb(117,117,239)	Oxygen-dependent coproporphyrinogen-III oxidase; Involved in the heme biosynthesis. Catalyzes the aerobic oxidative decarboxylation of propionate groups of rings A and B of coproporphyrinogen-III to yield the vinyl groups in protoporphyrinogen- IX.
hemG	300267.SDY_3895	0.2968173706127305	0.7262328767123288	rgb(208,239,117)	Protoporphyrin oxidase; Code: CH; COG: COG4635
hemH	300267.SDY_0444	0.3958655562165378	0.7397945205479453	rgb(223,239,117)	Ferrochelatase; Catalyzes the ferrous insertion into protoporphyrin IX. 
hemL	300267.SDY_0170	0.397471743010113	0.6152739726027397	rgb(171,239,117)	Glutamate-1-semialdehyde 2,1-aminomutase; Aminomutase; Code: H; COG: COG0001
hemN	300267.SDY_3876	0.25452111838191555	0.7114383561643837	rgb(172,239,117)	Coproporphyrinogen-III oxidase; Code: H; COG: COG0635; Belongs to the anaerobic coproporphyrinogen-III oxidase family.
hisA	300267.SDY_2217	0.3332242712671029	0.6682876712328768	rgb(239,204,117)	1-(5-phosphoribosyl)-5-[(5-phosphoribosylamino)methylideneamino] imidazole-4-carboxamide isomerase; Code: E; COG: COG0106
hisB	300267.SDY_2219	0.3931885782272457	0.6559589041095891	rgb(239,161,117)	Histidine biosynthesis bifunctional protein HisB; Code: E; COG: COG0131; In the N-terminal section; belongs to the histidinol- phosphatase family.
hisC	300267.SDY_2220	0.365348007138608	0.6177397260273974	rgb(117,239,215)	Histidinol-phosphate aminotransferase; Code: E; COG: COG0079; Belongs to the class-II pyridoxal-phosphate-dependent aminotransferase family. Histidinol-phosphate aminotransferase subfamily.
hisD	300267.SDY_2221	0.42906008328375966	0.5949315068493151	rgb(117,117,239)	Histidinol dehydrogenase; Catalyzes the sequential NAD-dependent oxidations of L- histidinol to L-histidinaldehyde and then to L-histidine. 
hisF	300267.SDY_2216	0.3824806662700773	0.6898630136986302	rgb(117,117,239)	Imidazole glycerol phosphate synthase subunit HisF; IGPS catalyzes the conversion of PRFAR and glutamine to IGP, AICAR and glutamate. The HisF subunit catalyzes the cyclization activity that produces IGP and AICAR from PRFAR using the ammonia provided by the HisH subunit.
hisG	300267.SDY_2222	0.4488697204045211	0.6584246575342466	rgb(117,239,239)	ATP phosphoribosyltransferase; Catalyzes the condensation of ATP and 5-phosphoribose 1- diphosphate to form N'-(5'-phosphoribosyl)-ATP (PR-ATP). Has a crucial role in the pathway because the rate of histidine biosynthesis seems to be controlled primarily by regulation of HisG enzymatic activity. 
hisH	300267.SDY_2218	0.30591909577632365	0.6448630136986302	rgb(117,239,226)	Imidazole glycerol phosphate synthase subunit HisH; IGPS catalyzes the conversion of PRFAR and glutamine to IGP, AICAR and glutamate. The HisH subunit catalyzes the hydrolysis of glutamine to glutamate and ammonia as part of the synthesis of IGP and AICAR. The resulting ammonia molecule is channeled to the active site of HisF.
hisI	300267.SDY_2215	0.2684414039262344	0.6442465753424658	rgb(163,239,117)	Histidine biosynthesis bifunctional protein HisIE; phosphoribosyl-ATP pyrophosphatase; Code: E; COG: COG0139; In the N-terminal section; belongs to the PRA-CH family. 
icdA	300267.SDY_2016	0.397471743010113	0.3736301369863014	rgb(117,148,239)	Isocitrate dehydrogenase [NADP]; Code: C; COG: COG0538
ilvA	300267.SDY_3976	0.26148126115407494	0.5036986301369863	rgb(239,169,117)	L-threonine dehydratase; Catalyzes the anaerobic formation of alpha-ketobutyrate and ammonia from threonine in a two-step reaction. The first step involved a dehydration of threonine and a production of enamine intermediates (aminocrotonate), which tautomerizes to its imine form (iminobutyrate). Both intermediates are unstable and short-lived. The second step is the nonenzymatic hydrolysis of the enamine/imine intermediates to form 2- ketobutyrate and free ammonia. In the low water environment of the cell, the second step is accelerated by RidA. 
ilvB	300267.SDY_4155	0.2529149315883403	0.336027397260274	rgb(117,117,239)	Acetolactate synthase; Code: EH; COG: COG0028
ilvC	300267.SDY_3974	0.3251933372992266	0.5234246575342466	rgb(117,228,239)	Ketol-acid reductoisomerase (NADP(+)); Involved in the biosynthesis of branched-chain amino acids (BCAA). Catalyzes an alkyl-migration followed by a ketol-acid reduction of (S)-2-acetolactate (S2AL) to yield (R)-2,3-dihydroxy-isovalerate. In the isomerase reaction, S2AL is rearranged via a Mg-dependent methyl migration to produce 3-hydroxy-3-methyl-2-ketobutyrate (HMKB). In the reductase reaction, this 2-ketoacid undergoes a metal-dependent reduction by NADPH to yield (R)-2,3-dihydroxy-isovalerate. 
ilvD	300267.SDY_3977	0.35731707317073175	0.3767123287671233	rgb(117,157,239)	Dihydroxy-acid dehydratase; Code: EG; COG: COG0129; Belongs to the IlvD/Edd family.
ilvE	300267.SDY_3978	0.3830160618679358	0.4315753424657534	rgb(117,117,239)	Branched-chain-amino-acid aminotransferase; Acts on leucine, isoleucine and valine. ; Belongs to the class-IV pyridoxal-phosphate-dependent aminotransferase family.
ilvH	300267.SDY_0108	0.2877156454491374	0.4895205479452055	rgb(219,239,117)	Acetolactate synthase III small subunit; Valine sensitive; Code: E; COG: COG0440
ilvI	300267.SDY_0107	0.24113622843545507	0.35205479452054794	rgb(117,237,239)	Acetolactate synthase; Code: EH; COG: COG0028
ilvN	300267.SDY_4154	0.23953004164187985	0.39335616438356164	rgb(239,212,117)	Acetolactate synthase I, valine sensitive, small subunit; Code: E; COG: COG0440
ispA	300267.SDY_0309	0.6732004759071982	0.4969178082191781	rgb(239,160,117)	Geranyltranstransferase; Farnesyldiphosphate synthase; Code: H; COG: COG0142; Belongs to the FPP/GGPP synthase family. 
ispB	300267.SDY_3368	0.6517846519928614	0.5098630136986301	rgb(117,239,167)	Octaprenyl diphosphate synthase; Code: H; COG: COG0142; Belongs to the FPP/GGPP synthase family. 
kbl	300267.SDY_4050	0.24220701963117192	0.43589041095890413	rgb(117,231,239)	2-amino-3-ketobutyrate coenzyme A ligase; Catalyzes the cleavage of 2-amino-3-ketobutyrate to glycine and acetyl-CoA.
kch	300267.SDY_1308	0.6914039262343844	0.16958904109589043	rgb(117,239,129)	Putative potassium channel protein; Code: P; COG: COG1226
kdsA	300267.SDY_1264	0.6796252230814991	0.47904109589041094	rgb(117,174,239)	2-dehydro-3-deoxyphosphooctonate aldolase; Code: M; COG: COG2877; Belongs to the KdsA family.
kdsB	300267.SDY_2340	0.683372992266508	0.606027397260274	rgb(239,192,117)	3-deoxy-manno-octulosonate cytidylyltransferase; Activates KDO (a required 8-carbon sugar) for incorporation into bacterial lipopolysaccharide in Gram-negative bacteria. 
kdtA	300267.SDY_4063	0.6780190362879239	0.6744520547945205	rgb(117,239,204)	3-deoxy-D-manno-octulosonic acid transferase; Involved in lipopolysaccharide (LPS) biosynthesis. Catalyzes the transfer of 3-deoxy-D-manno-octulosonate (Kdo) residue(s) from CMP- Kdo to lipid IV(A), the tetraacyldisaccharide-1,4'-bisphosphate precursor of lipid A; Belongs to the glycosyltransferase group 1 family. 
kdtB	300267.SDY_4064	0.592355740630577	0.649178082191781	rgb(239,178,117)	Phosphopantetheine adenylyltransferase; Reversibly transfers an adenylyl group from ATP to 4'- phosphopantetheine, yielding dephospho-CoA (dPCoA) and pyrophosphate. ; Belongs to the bacterial CoaD family.
kup	300267.SDY_4001	0.18224271267102915	0.2996575342465754	rgb(117,239,178)	Low affinity potassium transport system protein kup; Responsible for the low-affinity transport of potassium into the cell, with the probable concomitant uptake of protons (symport system); Belongs to the HAK/KUP transporter (TC 2.A.72) family. 
leuA	300267.SDY_0101	0.36802498512790005	0.45684931506849313	rgb(199,239,117)	2-isopropylmalate synthase; Catalyzes the condensation of the acetyl group of acetyl-CoA with 3-methyl-2-oxobutanoate (2-oxoisovalerate) to form 3-carboxy-3- hydroxy-4-methylpentanoate (2-isopropylmalate); Belongs to the alpha-IPM synthase/homocitrate synthase family. LeuA type 1 subfamily.
leuB	300267.SDY_0100	0.2711183819155265	0.4482191780821918	rgb(186,239,117)	3-isopropylmalate dehydrogenase; Catalyzes the oxidation of 3-carboxy-2-hydroxy-4- methylpentanoate (3-isopropylmalate) to 3-carboxy-4-methyl-2- oxopentanoate. The product decarboxylates to 4-methyl-2 oxopentanoate. ; Belongs to the isocitrate and isopropylmalate dehydrogenases family. LeuB type 1 subfamily.
leuC	300267.SDY_0099	0.33054729327781085	0.4063013698630137	rgb(117,130,239)	3-isopropylmalate dehydratase large subunit; Catalyzes the isomerization between 2-isopropylmalate and 3- isopropylmalate, via the formation of 2-isopropylmaleate. 
leuD	300267.SDY_0098	0.31502082093991673	0.41924657534246573	rgb(117,239,160)	3-isopropylmalate dehydratase small subunit; Catalyzes the isomerization between 2-isopropylmalate and 3- isopropylmalate, via the formation of 2-isopropylmaleate. ; Belongs to the LeuD family. LeuD type 1 subfamily. 
livF	300267.SDY_3603	0.29199881023200475	0.7767808219178083	rgb(117,239,217)	High-affinity branched-chain amino acid transport ATP-binding protein; Code: E; COG: COG0410; Belongs to the ABC transporter superfamily. 
livG	300267.SDY_3604	0.22400356930398574	0.753972602739726	rgb(239,166,117)	ATP-binding component of high-affinity branched-chain amino acid transport system; Code: E; COG: COG0411
livH	300267.SDY_3606	0.17207019631171921	0.7434931506849315	rgb(159,239,117)	High-affinity branched-chain amino acid transport system, membrane component; Code: E; COG: COG0559; Belongs to the binding-protein-dependent transport system permease family.
livM	300267.SDY_3605	0.15333135038667461	0.659041095890411	rgb(117,117,239)	High-affinity branched-chain amino acid transport; Code: E; COG: COG4177; Belongs to the binding-protein-dependent transport system permease family.
lpdA	300267.SDY_0146	0.4124628197501487	0.40753424657534243	rgb(117,117,239)	Component of 2-oxodehydrogenase and pyruvate complexes; L-protein of glycine cleavage complex; Code: C; COG: COG1249
lpxA	300267.SDY_0197	0.6946162998215348	0.5012328767123289	rgb(239,163,117)	Acyl-[acyl-carrier-protein]--UDP-N-acetylglucosamine O-acyltransferase; Involved in the biosynthesis of lipid A, a phosphorylated glycolipid that anchors the lipopolysaccharide to the outer membrane of the cell.
lpxB	300267.SDY_0198	0.7337001784651993	0.5117123287671234	rgb(188,239,117)	Lipid-A-disaccharide synthase; Condensation of UDP-2,3-diacylglucosamine and 2,3- diacylglucosamine-1-phosphate to form lipid A disaccharide, a precursor of lipid A, a phosphorylated glycolipid that anchors the lipopolysaccharide to the outer membrane of the cell. 
lpxC	300267.SDY_0126	0.712819750148721	0.49013698630136987	rgb(117,131,239)	UDP-3-O-acyl-N-acetylglucosamine deacetylase; Catalyzes the hydrolysis of UDP-3-O-myristoyl-N- acetylglucosamine to form UDP-3-O-myristoylglucosamine and acetate, the committed step in lipid A biosynthesis; Belongs to the LpxC family.
lpxD	300267.SDY_0195	0.6667757287328971	0.545	rgb(239,232,117)	UDP-3-O-(3-hydroxymyristoyl)glucosamine N-acyltransferase; Catalyzes the N-acylation of UDP-3-O- (hydroxytetradecanoyl)glucosamine using 3-hydroxytetradecanoyl-ACP as the acyl donor. Is involved in the biosynthesis of lipid A, a phosphorylated glycolipid that anchors the lipopolysaccharide to the outer membrane of the cell; Belongs to the transferase hexapeptide repeat family. LpxD subfamily.
lysA	300267.SDY_3055	0.4424449732302201	0.5505479452054796	rgb(117,142,239)	Diaminopimelate decarboxylase; Specifically catalyzes the decarboxylation of meso- diaminopimelate (meso-DAP) to L-lysine.
lytB	300267.SDY_0051	0.644824509220702	0.6726027397260275	rgb(117,165,239)	4-hydroxy-3-methylbut-2-enyl diphosphate reductase; Catalyzes the conversion of 1-hydroxy-2-methyl-2-(E)-butenyl 4-diphosphate (HMBPP) into a mixture of isopentenyl diphosphate (IPP) and dimethylallyl diphosphate (DMAPP). Acts in the terminal step of the DOXP/MEP pathway for isoprenoid precursor biosynthesis. 
malY	300267.SDY_1845	0.2175788221296847	0.5918493150684933	rgb(117,167,239)	MalY; Enzyme that may degrade or block biosynthesis of endogenous mal inducer, probably aminotrasferase; Code: E; COG: COG1168
metA	300267.SDY_4330	0.21543723973825102	0.564109589041096	rgb(117,239,123)	Homoserine O-succinyltransferase; Transfers a succinyl group from succinyl-CoA to L-homoserine, forming succinyl-L-homoserine.
metB	300267.SDY_3774	0.30966686496133256	0.6103424657534248	rgb(232,239,117)	Cystathionine gamma-synthase; Code: E; COG: COG0626
metC	300267.SDY_3065	0.2561273051754908	0.6658219178082193	rgb(239,141,117)	Cystathionine beta-lyase; Beta-cystathionase; Code: E; COG: COG0626
metE	300267.SDY_3914	0.34018441403926236	0.6325342465753425	rgb(239,211,117)	5-methyltetrahydropteroyltriglutamate--homocysteine methyltransferase; Catalyzes the transfer of a methyl group from 5- methyltetrahydrofolate to homocysteine resulting in methionine formation; Belongs to the vitamin-B12 independent methionine synthase family.
metF	300267.SDY_3776	0.2802201070791196	0.47842465753424657	rgb(239,228,117)	Methylenetetrahydrofolate reductase; Code: E; COG: COG0685; Belongs to the methylenetetrahydrofolate reductase family. 
metH	300267.SDY_4322	0.26362284354550863	0.5468493150684932	rgb(117,233,239)	Methionine synthase; Catalyzes the transfer of a methyl group from methyl- cobalamin to homocysteine, yielding enzyme-bound cob(I)alamin and methionine. Subsequently, remethylates the cofactor using methyltetrahydrofolate.
metK	300267.SDY_3130	0.44833432480666274	0.6109589041095892	rgb(117,239,150)	S-adenosylmethionine synthase; Catalyzes the formation of S-adenosylmethionine (AdoMet) from methionine and ATP. The overall synthetic reaction is composed of two sequential steps, AdoMet formation and the subsequent tripolyphosphate hydrolysis which occurs prior to release of AdoMet from the enzyme. 
metL	300267.SDY_3775	0.28289708506841166	0.5973972602739727	rgb(239,126,117)	Bifunctional aspartokinase/homoserine dehydrogenase; Code: E; COG: COG0527; In the C-terminal section; belongs to the homoserine dehydrogenase family.
mgtA	300267.SDY_4261	0.44351576442593693	0.2805479452054795	rgb(117,239,133)	Mg2+ transport ATPase, P-type 1; Code: P; COG: COG0474
moaA	300267.SDY_0825	0.47992266508030934	0.797123287671233	rgb(146,239,117)	GTP 3',8-cyclase; Catalyzes the cyclization of GTP to (8S)-3',8-cyclo-7,8- dihydroguanosine 5'-triphosphate.
moaC	300267.SDY_0823	0.46171921475312316	0.7749315068493151	rgb(117,239,170)	Cyclic pyranopterin monophosphate synthase; Catalyzes the conversion of (8S)-3',8-cyclo-7,8- dihydroguanosine 5'-triphosphate to cyclic pyranopterin monophosphate (cPMP); Belongs to the MoaC family.
moaD	300267.SDY_0822	0.35464009518143963	0.7965068493150685	rgb(117,239,183)	Molybdopterin biosynthesis; Code: H; COG: COG1977
moaE	300267.SDY_0821	0.43655562165377754	0.863082191780822	rgb(117,216,239)	Molybdopterin converting factor, subunit 2; Code: H; COG: COG0314
mobA	300267.SDY_3888	0.554878048780488	0.8452054794520548	rgb(239,218,117)	Molybdenum cofactor guanylyltransferase; Transfers a GMP moiety from GTP to Mo-molybdopterin (Mo-MPT) cofactor (Moco or molybdenum cofactor) to form Mo-molybdopterin guanine dinucleotide (Mo-MGD) cofactor; Belongs to the MobA family.
modA	300267.SDY_0710	0.5104402141582393	0.8686301369863014	rgb(117,136,239)	Molybdate-binding periplasmic protein; Permease; Code: P; COG: COG0725
modB	300267.SDY_0711	0.475639500297442	0.892054794520548	rgb(117,180,239)	Molybdenum transport system permease; Part of the binding-protein-dependent transport system for molybdenum; probably responsible for the translocation of the substrate across the membrane; Belongs to the binding-protein-dependent transport system permease family. CysTW subfamily.
modC	300267.SDY_0712	0.5875371802498514	0.7952739726027398	rgb(117,239,126)	Molybdenum import ATP-binding protein ModC; Part of the ABC transporter complex ModABC involved in molybdenum import. Responsible for energy coupling to the transport system; Belongs to the ABC transporter superfamily. Molybdate importer (TC 3.A.1.8) family.
moeA	300267.SDY_0760	0.5195419393218322	0.7872602739726028	rgb(239,229,117)	Molybdopterin molybdenumtransferase; Catalyzes the insertion of molybdate into adenylated molybdopterin with the concomitant release of AMP. ; Belongs to the MoeA family. 
moeB	300267.SDY_0761	0.38729922665080313	0.8415068493150686	rgb(239,154,117)	Molybdopterin biosynthesis; Code: H; COG: COG0476
mog	300267.SDY_0009	0.5045508625817966	0.8803424657534247	rgb(117,239,212)	Mog; Required for the efficient incorporation of molybdate into molybdoproteins; Code: H; COG: COG0521
mraY	300267.SDY_0117	0.7288816180844736	0.4574657534246575	rgb(117,239,193)	Phospho-N-acetylmuramoyl-pentapeptide-transferase; First step of the lipid cycle reactions in the biosynthesis of the cell wall peptidoglycan; Belongs to the glycosyltransferase 4 family. MraY subfamily.
mrcA	300267.SDY_3682	0.7101427721594289	0.40136986301369865	rgb(239,144,117)	Peptidoglycan synthetase; Penicillin-binding protein 1A; Code: M; COG: COG5009
mrcB	300267.SDY_0165	0.6855145746579419	0.5419178082191781	rgb(117,239,229)	Penicillin-binding protein 1B; Cell wall formation. Synthesis of cross-linked peptidoglycan from the lipid intermediates. The enzyme has a penicillin-insensitive transglycosylase N-terminal domain (formation of linear glycan strands) and a penicillin-sensitive transpeptidase C-terminal domain (cross- linking of the peptide subunits).
mrsA	300267.SDY_3357	0.5950327186198692	0.5	rgb(168,239,117)	Phosphoglucosamine mutase; Catalyzes the conversion of glucosamine-6-phosphate to glucosamine-1-phosphate; Belongs to the phosphohexose mutase family. 
msbA	300267.SDY_2344	0.8166864961332541	0.6849315068493151	rgb(117,239,121)	Lipid A export ATP-binding/permease protein MsbA; Involved in lipid A export and possibly also in glycerophospholipid export and for biogenesis of the outer membrane. Transmembrane domains (TMD) form a pore in the inner membrane and the ATP-binding domain (NBD) is responsible for energy generation. 
murA	300267.SDY_3370	0.6019928613920286	0.5616438356164385	rgb(117,200,239)	UDP-N-acetylglucosamine 1-carboxyvinyltransferase; Cell wall formation. Adds enolpyruvyl to UDP-N- acetylglucosamine; Belongs to the EPSP synthase family. MurA subfamily. 
murB	300267.SDY_3756	0.6287626412849495	0.6294520547945206	rgb(117,239,181)	UDP-N-acetylenolpyruvoylglucosamine reductase; Cell wall formation.
murC	300267.SDY_0121	0.6587447947650209	0.688013698630137	rgb(117,185,239)	UDP-N-acetylmuramate--L-alanine ligase; Cell wall formation; Belongs to the MurCDEF family.
murD	300267.SDY_0118	0.6539262343842951	0.6399315068493151	rgb(117,117,239)	UDP-N-acetylmuramoylalanine--D-glutamate ligase; Cell wall formation. Catalyzes the addition of glutamate to the nucleotide precursor UDP-N-acetylmuramoyl-L-alanine (UMA). ; Belongs to the MurCDEF family.
murE	300267.SDY_0115	0.6100237953599048	0.4852054794520548	rgb(235,239,117)	UDP-N-acetylmuramoyl-L-alanyl-D-glutamate--2,6-diaminopimelate ligase; Catalyzes the addition of meso-diaminopimelic acid to the nucleotide precursor UDP-N-acetylmuramoyl-L-alanyl-D-glutamate (UMAG) in the biosynthesis of bacterial cell-wall peptidoglycan. ; Belongs to the MurCDEF family. MurE subfamily. 
murF	300267.SDY_0116	0.6458953004164188	0.5826027397260275	rgb(117,239,200)	UDP-N-acetylmuramoyl-tripeptide--D-alanyl-D-alanine ligase; Involved in cell wall formation. Catalyzes the final step in the synthesis of UDP-N-acetylmuramoyl-pentapeptide, the precursor of murein; Belongs to the MurCDEF family. MurF subfamily. 
murG	300267.SDY_0120	0.7031826293872695	0.5382191780821918	rgb(123,239,117)	Undecaprenyldiphospho-muramoylpentapeptide beta-N-acetylglucosaminyltransferase; Cell wall formation. Catalyzes the transfer of a GlcNAc subunit on undecaprenyl-pyrophosphoryl-MurNAc-pentapeptide (lipid intermediate I) to form undecaprenyl-pyrophosphoryl-MurNAc- (pentapeptide)GlcNAc (lipid intermediate II); Belongs to the glycosyltransferase 28 family. MurG subfamily.
murI	300267.SDY_3761	0.6271564544913742	0.5610273972602741	rgb(117,225,239)	Glutamate racemase; Provides the (R)-glutamate required for cell wall biosynthesis.
mviN	300267.SDY_2083	0.7042534205829863	0.614041095890411	rgb(239,220,117)	Probable lipid II flippase MurJ; Involved in peptidoglycan biosynthesis. Transports lipid- linked peptidoglycan precursors from the inner to the outer leaflet of the cytoplasmic membrane.
nadA	300267.SDY_0694	0.49919690660321236	0.7046575342465754	rgb(117,117,239)	Quinolinate synthase A; Catalyzes the condensation of iminoaspartate with dihydroxyacetone phosphate to form quinolinate; Belongs to the quinolinate synthase A family. Type 1 subfamily.
nadB	300267.SDY_2815	0.3316180844735277	0.5184931506849315	rgb(239,189,117)	L-aspartate oxidase; Catalyzes the oxidation of L-aspartate to iminoaspartate. 
nadC	300267.SDY_0139	0.3369720404521118	0.7434931506849315	rgb(117,117,239)	Quinolinate phosphoribosyltransferase; Code: H; COG: COG0157; Belongs to the NadC/ModD family. 
nadE	300267.SDY_1540	0.6421475312314099	0.3680821917808219	rgb(117,133,239)	NH(3)-dependent NAD(+) synthetase; Catalyzes the ATP-dependent amidation of deamido-NAD to form NAD. Uses ammonia as a nitrogen source.
ndk	300267.SDY_2714	0.5141879833432481	0.5252739726027398	rgb(117,179,239)	Nucleoside diphosphate kinase; Major role in the synthesis of nucleoside triphosphates other than ATP. The ATP gamma phosphate is transferred to the NDP beta phosphate via a ping-pong mechanism, using a phosphorylated active-site intermediate; Belongs to the NDK family.
nikA	300267.SDY_3631	0.6914039262343844	0.8415068493150686	rgb(117,140,239)	Periplasmic binding protein for nickel; Code: E; COG: COG0747
nikB	300267.SDY_3632	0.7444080904223677	0.8501369863013699	rgb(183,239,117)	Transport of nickel membrane protein; Code: EP; COG: COG0601
nikC	300267.SDY_3633	0.7005056513979774	0.9222602739726028	rgb(117,117,239)	Transport of nickel membrane protein; Code: EP; COG: COG1173
nikD	300267.SDY_3634	0.7278108268887568	0.9000684931506849	rgb(255,175,101)	Nickel import ATP-binding protein NikD; Part of the ABC transporter complex NikABCDE involved in nickel import. Responsible for energy coupling to the transport system. ; Belongs to the ABC transporter superfamily. Nickel importer (TC 3.A.1.5.3) family.
nikE	300267.SDY_3635	0.6603509815585961	0.8957534246575344	rgb(117,117,239)	Nickel import ATP-binding protein NikE; Part of the ABC transporter complex NikABCDE involved in nickel import. Responsible for energy coupling to the transport system. ; Belongs to the ABC transporter superfamily. Nickel importer (TC 3.A.1.5.3) family.
nrdA	300267.SDY_2428	0.6817668054729329	0.5826027397260275	rgb(239,121,117)	Ribonucleoside-diphosphate reductase; Provides the precursors necessary for DNA synthesis. Catalyzes the biosynthesis of deoxyribonucleotides from the corresponding ribonucleotides.
nrdB	300267.SDY_2429	0.6860499702558002	0.5585616438356166	rgb(117,191,239)	Ribonucleoside-diphosphate reductase 1, beta subunit, B2; Code: F; COG: COG0208
nrdD	300267.SDY_4257	0.5971743010113029	0.6892465753424658	rgb(152,239,117)	Anaerobic ribonucleoside-triphosphate reductase; Code: F; COG: COG1328
nrdE	300267.SDY_2868	0.6694527067221893	0.6578082191780822	rgb(239,209,117)	Ribonucleoside-diphosphate reductase; Provides the precursors necessary for DNA synthesis. Catalyzes the biosynthesis of deoxyribonucleotides from the corresponding ribonucleotides.
nrdF	300267.SDY_2869	0.6442891136228436	0.6892465753424658	rgb(117,214,239)	Ribonucleoside-diphosphate reductase subunit beta; Provides the precursors necessary for DNA synthesis. Catalyzes the biosynthesis of deoxyribonucleotides from the corresponding ribonucleotides; Belongs to the ribonucleoside diphosphate reductase small chain family.
ompC	300267.SDY_0861	0.7685008923259965	0.2583561643835616	rgb(239,172,117)	Outer membrane protein 1b; Ib;c; Code: M; COG: COG3203; Belongs to the Gram-negative porin family. 
ompF	300267.SDY_2328	0.8070493753718025	0.16958904109589043	rgb(239,152,117)	Outer membrane protein 1a (IabF); Code: M; COG: COG3203; Belongs to the Gram-negative porin family. 
panB	300267.SDY_0154	0.4129982153480071	0.6547260273972604	rgb(117,117,239)	3-methyl-2-oxobutanoate hydroxymethyltransferase; Catalyzes the reversible reaction in which hydroxymethyl group from 5,10-methylenetetrahydrofolate is transferred onto alpha- ketoisovalerate to form ketopantoate; Belongs to the PanB family.
panC	300267.SDY_0155	0.48367043426531825	0.675068493150685	rgb(117,117,239)	Pantothenate synthetase; Catalyzes the condensation of pantoate with beta-alanine in an ATP-dependent reaction via a pantoyl-adenylate intermediate. ; Belongs to the pantothenate synthetase family. 
panD	300267.SDY_0041	0.5323914336704343	0.5406849315068494	rgb(160,239,117)	Aspartate 1-decarboxylase alpha chain; Catalyzes the pyruvoyl-dependent decarboxylation of aspartate to produce beta-alanine.
pdxA	300267.SDY_0077	0.5377453896490184	0.6843150684931507	rgb(117,239,149)	4-hydroxythreonine-4-phosphate dehydrogenase; Catalyzes the NAD(P)-dependent oxidation of 4-(phosphooxy)-L- threonine (HTP) into 2-amino-3-oxo-4-(phosphooxy)butyric acid which spontaneously decarboxylates to form 3-amino-2-oxopropyl phosphate (AHAP).
pdxB	300267.SDY_2519	0.3535693039857228	0.3391095890410959	rgb(234,239,117)	Erythronate-4-phosphate dehydrogenase; Catalyzes the oxidation of erythronate-4-phosphate to 3- hydroxy-2-oxo-4-phosphonooxybutanoate.
pdxJ	300267.SDY_2805	0.5056216537775134	0.438972602739726	rgb(117,117,239)	Pyridoxine 5'-phosphate synthase; Catalyzes the complicated ring closure reaction between the two acyclic compounds 1-deoxy-D-xylulose-5-phosphate (DXP) and 3-amino- 2-oxopropyl phosphate (1-amino-acetone-3-phosphate or AAP) to form pyridoxine 5'-phosphate (PNP) and inorganic phosphate. 
pfkA	300267.SDY_3831	0.4943783462224866	0.30643835616438353	rgb(117,197,239)	ATP-dependent 6-phosphofructokinase isozyme 1; Catalyzes the phosphorylation of D-fructose 6-phosphate to fructose 1,6-bisphosphate by ATP, the first committing step of glycolysis.
pfkB	300267.SDY_1816	0.5821832242712671	0.238013698630137	rgb(117,117,239)	Phosphofructokinase; Suppressor of pfkA; Code: G; COG: COG1105; Belongs to the carbohydrate kinase PfkB family. 
pflA	300267.SDY_2359	0.24488399762046403	0.4383561643835616	rgb(120,239,117)	Pyruvate formate-lyase-activating enzyme; Activation of pyruvate formate-lyase under anaerobic conditions by generation of an organic free radical, using S- adenosylmethionine and reduced flavodoxin as cosubstrates to produce 5'-deoxy-adenosine; Belongs to the organic radical-activating enzymes family. 
pflC	300267.SDY_3787	0.28825104104699584	0.21952054794520548	rgb(239,175,117)	Probable pyruvate formate lyase activating enzyme 2; Code: O; COG: COG1180
pflD	300267.SDY_3786	0.29092801903628795	0.2965753424657534	rgb(177,239,117)	Formate acetyltransferase 2; Code: C; COG: COG1882
pfs	300267.SDY_0175	0.5650505651397978	0.7379452054794521	rgb(212,239,117)	5'-methylthioadenosine/S-adenosylhomocysteine nucleosidase; Catalyzes the irreversible cleavage of the glycosidic bond in both 5'-methylthioadenosine (MTA) and S-adenosylhomocysteine (SAH/AdoHcy) to adenine and the corresponding thioribose, 5'- methylthioribose and S-ribosylhomocysteine, respectively. Also cleaves 5'-deoxyadenosine, a toxic by-product of radical S-adenosylmethionine (SAM) enzymes, into 5-deoxyribose and adenine. Thus, is required for in vivo function of the radical SAM enzymes biotin synthase and lipoic acid synthase, that are inhibited by 5'-deoxyadenosine accumulation. ; Bel
pgi	300267.SDY_4226	0.5061570493753718	0.38595890410958905	rgb(255,0,0)	Glucose-6-phosphate isomerase; Code: G; COG: COG0166; Belongs to the GPI family.
pgk	300267.SDY_3156	0.5125817965496728	0.36191780821917807	rgb(117,239,223)	Phosphoglycerate kinase; Code: G; COG: COG0126; Belongs to the phosphoglycerate kinase family. 
pgpB	300267.SDY_1354	0.7888459250446164	0.6504109589041096	rgb(117,239,118)	Non-essential phosphatidylglycerophosphate phosphatase, membrane bound; Code: I; COG: COG0671
pheA	300267.SDY_2767	0.35624628197501484	0.4543835616438356	rgb(214,239,117)	Chorismate mutase-P; Prephenate dehydratase; Code: E; COG: COG0077
phnN	300267.SDY_4122	0.6956870910172517	0.6485616438356165	rgb(117,239,192)	Ribose 1,5-bisphosphate phosphokinase PhnN; Catalyzes the phosphorylation of ribose 1,5-bisphosphate to 5-phospho-D-ribosyl alpha-1-diphosphate (PRPP).
pitB	300267.SDY_3086	0.9232302201070792	0.5715068493150686	rgb(117,239,169)	Phosphate transporter; Code: P; COG: COG0306
pldA	300267.SDY_3922	0.7572575847709697	0.32986301369863014	rgb(176,239,117)	Phospholipase A1; Hydrolysis of phosphatidylcholine with phospholipase A2 (EC 3.1.1.4) and phospholipase A1 (EC 3.1.1.32) activities. ; Belongs to the phospholipase A1 family. 
plsB	300267.SDY_4533	0.6710588935157644	0.311986301369863	rgb(117,117,239)	Glycerol-3-phosphate acyltransferase; Code: I; COG: COG2937; Belongs to the GPAT/DAPAT family.
plsC	300267.SDY_3219	0.6341165972635338	0.44636986301369863	rgb(200,239,117)	1-acyl-sn-glycerol-3-phosphate acyltransferase; Code: I; COG: COG0204; Belongs to the 1-acyl-sn-glycerol-3-phosphate acyltransferase family.
plsX	300267.SDY_2060	0.667846519928614	0.35513698630136986	rgb(117,117,239)	Phosphate acyltransferase; Catalyzes the reversible formation of acyl-phosphate (acyl- PO(4)) from acyl-[acyl-carrier-protein] (acyl-ACP). This enzyme utilizes acyl-ACP as fatty acyl donor, but not acyl-CoA. 
ppc	300267.SDY_3791	0.34125520523497915	0.3982876712328767	rgb(117,239,189)	Phosphoenolpyruvate carboxylase; Forms oxaloacetate, a four-carbon dicarboxylic acid source for the tricarboxylic acid cycle.
ppsA	300267.SDY_1794	0.49866151100535394	0.4247945205479452	rgb(117,239,137)	Phosphoenolpyruvate synthase; Catalyzes the phosphorylation of pyruvate to phosphoenolpyruvate; Belongs to the PEP-utilizing enzyme family. 
proC	300267.SDY_0356	0.3632064247471743	0.4691780821917808	rgb(239,171,117)	Pyrroline-5-carboxylate reductase; Catalyzes the reduction of 1-pyrroline-5-carboxylate (PCA) to L-proline.
prsA	300267.SDY_1256	0.5441701368233195	0.4574657534246575	rgb(179,239,117)	Ribose-phosphate pyrophosphokinase; Involved in the biosynthesis of the central metabolite phospho-alpha-D-ribosyl-1-pyrophosphate (PRPP) via the transfer of pyrophosphoryl group from ATP to 1-hydroxyl of ribose-5-phosphate (Rib- 5-P); Belongs to the ribose-phosphate pyrophosphokinase family. Class I subfamily.
psd	300267.SDY_4432	0.5870017846519929	0.31075342465753425	rgb(117,182,239)	Phosphatidylserine decarboxylase alpha chain; Catalyzes the formation of phosphatidylethanolamine (PtdEtn) from phosphatidylserine (PtdSer).
pssA	300267.SDY_2828	0.5607674003569305	0.3045890410958904	rgb(117,117,239)	Phosphatidylserine synthase; Phospholipid synthesis; Code: I; COG: COG1502
pstA	300267.SDY_4024	0.6068114217727544	0.8008219178082192	rgb(117,120,239)	Phosphate transport system permease protein PstA; Code: P; COG: COG0581
pstB	300267.SDY_4025	0.6052052349791791	0.7515068493150685	rgb(169,239,117)	Phosphate import ATP-binding protein PstB; Part of the ABC transporter complex PstSACB involved in phosphate import. Responsible for energy coupling to the transport system; Belongs to the ABC transporter superfamily. Phosphate importer (TC 3.A.1.7) family.
pstC	300267.SDY_4023	0.7112135633551459	0.7829452054794521	rgb(239,194,117)	Phosphate transport system permease protein; Part of the binding-protein-dependent transport system for phosphate; probably responsible for the translocation of the substrate across the membrane; Belongs to the binding-protein-dependent transport system permease family. CysTW subfamily.
pstS	300267.SDY_4022	0.644824509220702	0.7391780821917809	rgb(239,128,117)	Phosphate-binding protein PstS; Part of the ABC transporter complex PstSACB involved in phosphate import; Belongs to the PstS family. 
pta	300267.SDY_2493	0.4317370612730518	0.33294520547945206	rgb(239,188,117)	Phosphate acetyltransferase; Involved in acetate metabolism. ; In the N-terminal section; belongs to the CobB/CobQ family. 
ptsH	300267.SDY_2612	0.5040154669839382	0.24787671232876712	rgb(117,239,172)	PTS system protein HPr; Code: G; COG: COG1925
ptsI	300267.SDY_2613	0.44779892920880426	0.23493150684931507	rgb(117,117,239)	Phosphoenolpyruvate-protein phosphotransferase; General (non sugar-specific) component of the phosphoenolpyruvate-dependent sugar phosphotransferase system (sugar PTS). This major carbohydrate active-transport system catalyzes the phosphorylation of incoming sugar substrates concomitantly with their translocation across the cell membrane. Enzyme I transfers the phosphoryl group from phosphoenolpyruvate (PEP) to the phosphoryl carrier protein (HPr).
purA	300267.SDY_4412	0.44351576442593693	0.4895205479452055	rgb(197,239,117)	Adenylosuccinate synthetase; Plays an important role in the de novo pathway of purine nucleotide biosynthesis. Catalyzes the first committed step in the biosynthesis of AMP from IMP; Belongs to the adenylosuccinate synthetase family. 
purB	300267.SDY_2021	0.4874182034503272	0.5135616438356164	rgb(117,239,141)	Adenylosuccinate lyase; Code: F; COG: COG0015; Belongs to the lyase 1 family. Adenylosuccinate lyase subfamily.
purC	300267.SDY_2664	0.5372099940511601	0.6239041095890412	rgb(117,117,239)	Phosphoribosylaminoimidazole-succinocarboxamide synthase; SAICAR synthetase; Code: F; COG: COG0152
purD	300267.SDY_3721	0.42209994051160027	0.6183561643835617	rgb(239,223,117)	Phosphoribosylamine--glycine ligase; GAR synthetase; Code: F; COG: COG0151
purE	300267.SDY_0275	0.42477691850089233	0.6658219178082193	rgb(239,148,117)	N5-carboxyaminoimidazole ribonucleotide mutase; Catalyzes the conversion of N5-carboxyaminoimidazole ribonucleotide (N5-CAIR) to 4-carboxy-5-aminoimidazole ribonucleotide (CAIR).
purF	300267.SDY_2511	0.47082093991671625	0.5585616438356166	rgb(239,203,117)	Amidophosphoribosyltransferase; Catalyzes the formation of phosphoribosylamine from phosphoribosylpyrophosphate (PRPP) and glutamine; In the C-terminal section; belongs to the purine/pyrimidine phosphoribosyltransferase family.
purH	300267.SDY_3720	0.5222189173111244	0.5523972602739726	rgb(117,239,138)	AICAR formyltransferase; IMP cyclohydrolase; Code: F; COG: COG0138
purK	300267.SDY_0274	0.4729625223081499	0.6892465753424658	rgb(239,217,117)	N5-carboxyaminoimidazole ribonucleotide synthase; Catalyzes the ATP-dependent conversion of 5-aminoimidazole ribonucleotide (AIR) and HCO(3)(-) to N5-carboxyaminoimidazole ribonucleotide (N5-CAIR).
purL	300267.SDY_2747	0.4927721594289114	0.6269863013698631	rgb(117,239,232)	Phosphoribosylformylglycinamidine synthase; Phosphoribosylformylglycinamidine synthase involved in the purines biosynthetic pathway. Catalyzes the ATP-dependent conversion of formylglycinamide ribonucleotide (FGAR) and glutamine to yield formylglycinamidine ribonucleotide (FGAM) and glutamate. 
purM	300267.SDY_2688	0.5286436644854254	0.7052739726027397	rgb(229,239,117)	Phosphoribosylformylglycinamidine cyclo-ligase; AIR synthetase; Code: F; COG: COG0150
purN	300267.SDY_2689	0.3824806662700773	0.6313013698630138	rgb(239,137,117)	Phosphoribosylglycinamide formyltransferase; Catalyzes the transfer of a formyl group from 10- formyltetrahydrofolate to 5-phospho-ribosyl-glycinamide (GAR), producing 5-phospho-ribosyl-N-formylglycinamide (FGAR) and tetrahydrofolate.
purT	300267.SDY_1135	0.47242712671029147	0.7434931506849315	rgb(117,143,239)	Formate-dependent phosphoribosylglycinamide formyltransferase; Involved in the de novo purine biosynthesis. Catalyzes the transfer of formate to 5-phospho-ribosyl-glycinamide (GAR), producing 5-phospho-ribosyl-N-formylglycinamide (FGAR). Formate is provided by PurU via hydrolysis of 10-formyl-tetrahydrofolate; Belongs to the PurK/PurT family.
pyrB	300267.SDY_4264	0.44779892920880426	0.5394520547945206	rgb(117,239,230)	Aspartate carbamoyltransferase; Code: F; COG: COG0540; Belongs to the aspartate/ornithine carbamoyltransferase superfamily. ATCase family.
pyrC	300267.SDY_2091	0.3899762046400952	0.728082191780822	rgb(117,176,239)	Dihydroorotase; Catalyzes the reversible cyclization of carbamoyl aspartate to dihydroorotate.
pyrE	300267.SDY_4073	0.5586258179654968	0.540068493150685	rgb(117,239,140)	Orotate phosphoribosyltransferase; Catalyzes the transfer of a ribosyl phosphate group from 5- phosphoribose 1-diphosphate to orotate, leading to the formation of orotidine monophosphate (OMP).
pyrF	300267.SDY_1357	0.5532718619869126	0.6331506849315068	rgb(239,181,117)	Orotidine 5'-phosphate decarboxylase; Catalyzes the decarboxylation of orotidine 5'-monophosphate (OMP) to uridine 5'-monophosphate (UMP); Belongs to the OMP decarboxylase family. Type 1 subfamily. 
pyrG	300267.SDY_2997	0.5655859607376562	0.49445205479452053	rgb(189,239,117)	CTP synthase; Catalyzes the ATP-dependent amination of UTP to CTP with either L-glutamine or ammonia as the source of nitrogen. Regulates intracellular CTP levels through interactions with the four ribonucleotide triphosphates.
pyrH	300267.SDY_0187	0.6073468173706128	0.5271232876712328	rgb(117,217,239)	Uridylate kinase; Catalyzes the reversible phosphorylation of UMP to UDP. 
ribA	300267.SDY_1353	0.41728138013087446	0.7102054794520548	rgb(239,235,117)	GTP cyclohydrolase-2; Catalyzes the conversion of GTP to 2,5-diamino-6- ribosylamino-4(3H)-pyrimidinone 5'-phosphate (DARP), formate and pyrophosphate.
ribB	300267.SDY_3226	0.45957763236168947	0.7268493150684932	rgb(117,117,239)	3,4-dihydroxy-2-butanone 4-phosphate synthase; Catalyzes the conversion of D-ribulose 5-phosphate to formate and 3,4-dihydroxy-2-butanone 4-phosphate.
ribD	300267.SDY_0320	0.4954491374182034	0.6602739726027398	rgb(117,117,239)	Diaminohydroxyphosphoribosylaminopyrimidine deaminase; Converts 2,5-diamino-6-(ribosylamino)-4(3h)-pyrimidinone 5'- phosphate into 5-amino-6-(ribosylamino)-2,4(1h,3h)-pyrimidinedione 5'- phosphate; In the C-terminal section; belongs to the HTP reductase family.
ribE	300267.SDY_1888	0.5784354550862582	0.7441095890410959	rgb(194,239,117)	Riboflavin synthase, alpha chain; Code: H; COG: COG0307
ribF	300267.SDY_0047	0.5318560380725759	0.6652054794520549	rgb(239,237,117)	Riboflavin biosynthesis protein; Code: H; COG: COG0196; Belongs to the ribF family. 
ribH	300267.SDY_0319	0.5281082688875669	0.7237671232876712	rgb(117,222,239)	6,7-dimethyl-8-ribityllumazine synthase; Catalyzes the formation of 6,7-dimethyl-8-ribityllumazine by condensation of 5-amino-6-(D-ribitylamino)uracil with 3,4-dihydroxy-2- butanone 4-phosphate. This is the penultimate step in the biosynthesis of riboflavin; Belongs to the DMRL synthase family.
rpe	300267.SDY_3693	0.48367043426531825	0.45808219178082193	rgb(220,239,117)	Ribulose-phosphate 3-epimerase; Code: G; COG: COG0036; Belongs to the ribulose-phosphate 3-epimerase family. 
rpiA	300267.SDY_3168	0.52703747769185	0.28917808219178087	rgb(206,239,117)	Ribose-5-phosphate isomerase A; Catalyzes the reversible conversion of ribose-5-phosphate to ribulose 5-phosphate.
sapD	300267.SDY_1378	0.8107971445568115	0.8791095890410959	rgb(117,117,239)	Putative ATP-binding protein of peptide transport system; Code: V; COG: COG4170; Belongs to the ABC transporter superfamily. 
sbp	300267.SDY_3830	0.3503569303985723	0.8667808219178083	rgb(239,124,117)	Periplasmic sulfate-binding protein; Code: P; COG: COG1613
sdhA	300267.SDY_0661	0.37070196311719217	0.38842465753424654	rgb(117,239,130)	Succinate dehydrogenase flavoprotein subunit; Code: C; COG: COG1053; Belongs to the FAD-dependent oxidoreductase 2 family. FRD/SDH subfamily.
sdhB	300267.SDY_0662	0.38890541344437835	0.3224657534246575	rgb(117,239,146)	Succinate dehydrogenase iron-sulfur subunit; Code: C; COG: COG0479; Belongs to the succinate dehydrogenase/fumarate reductase iron-sulfur protein family.
sdhC	300267.SDY_0659	0.42745389649018445	0.2602054794520548	rgb(149,239,117)	Succinate dehydrogenase; Cytochrome b556; Code: C; COG: COG2009
sdhD	300267.SDY_0660	0.3053837001784652	0.33664383561643835	rgb(117,117,239)	Succinate dehydrogenase hydrophobic membrane anchor subunit; Membrane-anchoring subunit of succinate dehydrogenase (SDH). 
serA	300267.SDY_3169	0.29788816180844735	0.41000000000000003	rgb(117,239,180)	D-3-phosphoglycerate dehydrogenase; Code: HE; COG: COG0111; Belongs to the D-isomer specific 2-hydroxyacid dehydrogenase family.
serB	300267.SDY_4649	0.4162105889351576	0.4852054794520548	rgb(134,239,117)	3-phosphoserine phosphatase; Code: E; COG: COG0560
serC	300267.SDY_2354	0.29199881023200475	0.5443835616438356	rgb(151,239,117)	Phosphoserine aminotransferase; Catalyzes the reversible conversion of 3- phosphohydroxypyruvate to phosphoserine and of 3-hydroxy-2-oxo-4- phosphonooxybutanoate to phosphohydroxythreonine; Belongs to the class-V pyridoxal-phosphate-dependent aminotransferase family. SerC subfamily.
sucA	300267.SDY_0664	0.35624628197501484	0.36253424657534244	rgb(239,164,117)	2-oxoglutarate dehydrogenase, decarboxylase component; Code: C; COG: COG0567
sucB	300267.SDY_0665	0.45957763236168947	0.36746575342465754	rgb(117,117,239)	Dihydrolipoyllysine-residue succinyltransferase component of 2-oxoglutarate dehydrogenase complex; E2 component of the 2-oxoglutarate dehydrogenase (OGDH) complex which catalyzes the second step in the conversion of 2- oxoglutarate to succinyl-CoA and CO(2). 
sucC	300267.SDY_0666	0.47456870910172516	0.30397260273972604	rgb(117,239,144)	Succinate--CoA ligase [ADP-forming] subunit beta; Succinyl-CoA synthetase functions in the citric acid cycle (TCA), coupling the hydrolysis of succinyl-CoA to the synthesis of either ATP or GTP and thus represents the only step of substrate-level phosphorylation in the TCA. The beta subunit provides nucleotide specificity of the enzyme and binds the substrate succinate, while the binding sites for coenzyme A and phosphate are found in the alpha subunit.
sucD	300267.SDY_0667	0.4386972040452112	0.33356164383561643	rgb(117,239,143)	Succinate--CoA ligase [ADP-forming] subunit alpha; Succinyl-CoA synthetase functions in the citric acid cycle (TCA), coupling the hydrolysis of succinyl-CoA to the synthesis of either ATP or GTP and thus represents the only step of substrate-level phosphorylation in the TCA. The alpha subunit of the enzyme binds the substrates coenzyme A and phosphate, while succinate binding and nucleotide specificity is provided by the beta subunit. 
surE	300267.SDY_2943	0.6121653777513386	0.6202054794520548	rgb(125,239,117)	5'/3'-nucleotidase SurE; Nucleotidase with a broad substrate specificity as it can dephosphorylate various ribo- and deoxyribonucleoside 5'-monophosphates and ribonucleoside 3'-monophosphates with highest affinity to 3'-AMP. Also hydrolyzes polyphosphate (exopolyphosphatase activity) with the preference for short-chain-length substrates (P20-25). Might be involved in the regulation of dNTP and NTP pools, and in the turnover of 3'-mononucleotides produced by numerous intracellular RNases (T1, T2, and F) during the degradation of various RNAs.
talB	300267.SDY_0008	0.5639797739440809	0.2860958904109589	rgb(239,134,117)	Transaldolase; Transaldolase is important for the balance of metabolites in the pentose-phosphate pathway.
tdcB	300267.SDY_3309	0.22828673408685307	0.5117123287671234	rgb(0,178,157)	L-threonine dehydratase catabolic TdcB; Catalyzes the anaerobic formation of alpha-ketobutyrate and ammonia from threonine in a two-step reaction. The first step involved a dehydration of threonine and a production of enamine intermediates (aminocrotonate), which tautomerizes to its imine form (iminobutyrate). Both intermediates are unstable and short-lived. The second step is the nonenzymatic hydrolysis of the enamine/imine intermediates to form 2- ketobutyrate and free ammonia. In the low water environment of the cell, the second step is accelerated by RidA. 
tdcC	300267.SDY_3308	0.07462819750148722	0.5123287671232878	rgb(117,199,239)	Threonine/serine transporter TdcC; Involved in the import of threonine and serine into the cell, with the concomitant import of a proton (symport system). ; Belongs to the amino acid/polyamine transporter 2 family. SdaC/TdcC subfamily.
tdh	300267.SDY_4049	0.3123438429506246	0.24910958904109592	rgb(132,239,117)	L-threonine 3-dehydrogenase; Catalyzes the NAD(+)-dependent oxidation of L-threonine to 2- amino-3-ketobutyrate; Belongs to the zinc-containing alcohol dehydrogenase family.
tdk	300267.SDY_1290	0.6780190362879239	0.4482191780821918	rgb(239,224,117)	Thymidine kinase; Code: F; COG: COG1435
tesB	300267.SDY_0389	0.5356038072575848	0.15664383561643835	rgb(117,117,239)	Acyl-CoA thioesterase II; Code: I; COG: COG1946
thiC	300267.SDY_3732	0.4729625223081499	0.7675342465753425	rgb(117,123,239)	Phosphomethylpyrimidine synthase; Catalyzes the synthesis of the hydroxymethylpyrimidine phosphate (HMP-P) moiety of thiamine from aminoimidazole ribotide (AIR) in a radical S-adenosyl-L-methionine (SAM)-dependent reaction. 
thiD	300267.SDY_2277	0.5008030933967877	0.8045205479452056	rgb(165,239,117)	Phosphomethylpyrimidine kinase; Code: H; COG: COG0351
thiE	300267.SDY_3733	0.4001487209994051	0.778013698630137	rgb(139,239,117)	Thiamine-phosphate synthase; Condenses 4-methyl-5-(beta-hydroxyethyl)thiazole monophosphate (THZ-P) and 2-methyl-4-amino-5-hydroxymethyl pyrimidine pyrophosphate (HMP-PP) to form thiamine monophosphate (TMP). ; Belongs to the thiamine-phosphate synthase family. 
thiF	300267.SDY_3734	0.4049672813801309	0.839041095890411	rgb(117,239,173)	Thiamin biosynthesis, thiazole moiety; Code: H; COG: COG0476
thiG	300267.SDY_3736	0.439767995240928	0.8020547945205481	rgb(117,117,239)	Thiazole synthase; Catalyzes the rearrangement of 1-deoxy-D-xylulose 5-phosphate (DXP) to produce the thiazole phosphate moiety of thiamine. Sulfur is provided by the thiocarboxylate moiety of the carrier protein ThiS. In vitro, sulfur can be provided by H(2)S.
thiH	300267.SDY_3737	0.25505651397977397	0.7286986301369864	rgb(117,239,190)	Thiamin biosynthesis, thiazole moiety; Code: HR; COG: COG1060
thiL	300267.SDY_0317	0.553807257584771	0.7675342465753425	rgb(117,239,164)	Thiamine-monophosphate kinase; Catalyzes the ATP-dependent phosphorylation of thiamine- monophosphate (TMP) to form thiamine-pyrophosphate (TPP), the active form of vitamin B1; Belongs to the thiamine-monophosphate kinase family. 
thiS	300267.SDY_3735	0.31127305175490777	0.8476712328767123	rgb(117,210,239)	Sulfur transfer protein involved in thiamine biosynthesis; Code: H; COG: COG2104
thrA	300267.SDY_0002	0.27647233789411063	0.5782876712328767	rgb(117,193,239)	Bifunctional aspartokinase/homoserine dehydrogenase; Homoserine dehydrogenase I; Code: E; COG: COG0527; In the C-terminal section; belongs to the homoserine dehydrogenase family.
thrB	300267.SDY_0003	0.2973527662105889	0.6041780821917809	rgb(117,150,239)	Homoserine kinase; Catalyzes the ATP-dependent phosphorylation of L-homoserine to L-homoserine phosphate; Belongs to the GHMP kinase family. Homoserine kinase subfamily.
thrC	300267.SDY_0004	0.38890541344437835	0.5622602739726028	rgb(239,149,117)	Threonine synthase; Code: E; COG: COG0498
thyA	300267.SDY_3044	0.49330755502676976	0.5511643835616439	rgb(117,139,239)	Thymidylate synthase; Catalyzes the reductive methylation of 2'-deoxyuridine-5'- monophosphate (dUMP) to 2'-deoxythymidine-5'-monophosphate (dTMP) while utilizing 5,10-methylenetetrahydrofolate (mTHF) as the methyl donor and reductant in the reaction, yielding dihydrofolate (DHF) as a by- product. This enzymatic reaction provides an intracellular de novo source of dTMP, an essential precursor for DNA biosynthesis. 
tktA	300267.SDY_3141	0.48152885187388456	0.38842465753424654	rgb(117,117,239)	Transketolase; Catalyzes the transfer of a two-carbon ketol group from a ketose donor to an aldose acceptor, via a covalent intermediate with the cofactor thiamine pyrophosphate.
tmk	300267.SDY_2052	0.664098750743605	0.5283561643835617	rgb(117,117,239)	Thymidylate kinase; Phosphorylation of dTMP to form dTDP in both de novo and salvage pathways of dTTP synthesis; Belongs to the thymidylate kinase family. 
tpiA	300267.SDY_3826	0.5099048185603807	0.41061643835616435	rgb(119,239,117)	Triosephosphate isomerase; Involved in the gluconeogenesis. Catalyzes stereospecifically the conversion of dihydroxyacetone phosphate (DHAP) to D- glyceraldehyde-3-phosphate (G3P); Belongs to the triosephosphate isomerase family. 
trkA	300267.SDY_3466	0.2684414039262344	0.35020547945205477	rgb(117,239,198)	Transport of potassium; Code: P; COG: COG0569
trkH	300267.SDY_3896	0.2175788221296847	0.4198630136986301	rgb(239,123,117)	Trk system potassium uptake protein; Low-affinity potassium transport system. Interacts with Trk system potassium uptake protein TrkA; Belongs to the TrkH potassium transport family. 
trpA	300267.SDY_1328	0.365348007138608	0.5733561643835616	rgb(117,239,187)	Tryptophan synthase alpha chain; The alpha subunit is responsible for the aldol cleavage of indoleglycerol phosphate to indole and glyceraldehyde 3-phosphate. ; Belongs to the TrpA family.
trpB	300267.SDY_1329	0.3417906008328376	0.4963013698630137	rgb(185,239,117)	Tryptophan synthase beta chain; The beta subunit is responsible for the synthesis of L- tryptophan from indole and L-serine.
trpC	300267.SDY_1330	0.3541046995835812	0.5431506849315069	rgb(239,200,117)	N-(5'-phosphoribosyl)anthranilate isomerase; Code: E; COG: COG0134; Belongs to the TrpC family.
trpD	300267.SDY_1331	0.3391136228435455	0.6035616438356165	rgb(117,160,239)	Anthranilate phosphoribosyltransferase; Catalyzes the transfer of the phosphoribosyl group of 5- phosphorylribose-1-pyrophosphate (PRPP) to anthranilate to yield N-(5'- phosphoribosyl)-anthranilate (PRA).
trpE	300267.SDY_1332	0.23524687685901252	0.44636986301369863	rgb(239,208,117)	Anthranilate synthase component 1; Code: EH; COG: COG0147
trxA	300267.SDY_3968	0.5870017846519929	0.422945205479452	rgb(239,146,117)	Thioredoxin; Code: OC; COG: COG0526; Belongs to the thioredoxin family. 
trxB	300267.SDY_2373	0.3476799524092802	0.4291095890410959	rgb(117,117,239)	Thioredoxin reductase; Code: O; COG: COG0492
trxC	300267.SDY_2825	0.37605591909577635	0.266986301369863	rgb(117,171,239)	Thioredoxin; Code: OC; COG: COG0526; Belongs to the thioredoxin family. 
tyrA	300267.SDY_2766	0.29788816180844735	0.4247945205479452	rgb(239,206,117)	T-protein; Prephenate dehydrogenase; Code: E; COG: COG0287
ubiA	300267.SDY_4534	0.5746876859012493	0.5326712328767124	rgb(239,135,117)	4-hydroxybenzoate octaprenyltransferase; Catalyzes the prenylation of para-hydroxybenzoate (PHB) with an all-trans polyprenyl group. Mediates the second step in the final reaction sequence of ubiquinone-8 (UQ-8) biosynthesis, which is the condensation of the polyisoprenoid side chain with PHB, generating the first membrane-bound Q intermediate 3-octaprenyl-4-hydroxybenzoate. 
ubiC	300267.SDY_4535	0.323051754907793	0.30027397260273975	rgb(117,239,135)	Chorismate pyruvate-lyase; Removes the pyruvyl group from chorismate, with concomitant aromatization of the ring, to provide 4-hydroxybenzoate (4HB) for the ubiquinone pathway.
ubiX	300267.SDY_2510	0.46064842355740626	0.17698630136986304	rgb(117,119,239)	Flavin prenyltransferase UbiX; Flavin prenyltransferase that catalyzes the synthesis of the prenylated FMN cofactor (prenyl-FMN) for 4-hydroxy-3-polyprenylbenzoic acid decarboxylase UbiD. The prenyltransferase is metal-independent and links a dimethylallyl moiety from dimethylallyl monophosphate (DMAP) to the flavin N5 and C6 atoms of FMN; Belongs to the UbiX/PAD1 family.
yacE	300267.SDY_0133	0.5500594883997622	0.5844520547945206	rgb(122,239,117)	Dephospho-CoA kinase; Catalyzes the phosphorylation of the 3'-hydroxyl group of dephosphocoenzyme A to form coenzyme A; Belongs to the CoaE family.
yadF	300267.SDY_0035	0.22507436049970259	0.6793835616438357	rgb(117,117,239)	Carbonic anhydrase; Reversible hydration of carbon dioxide. ; Belongs to the beta-class carbonic anhydrase family. 
yadQ	300267.SDY_0171	0.5629089827483641	0.876027397260274	rgb(117,168,239)	H(+)/Cl(-) exchange transporter ClcA; Proton-coupled chloride transporter. Functions as antiport system and exchanges two chloride ions for 1 proton. Probably acts as an electrical shunt for an outwardly-directed proton pump that is linked to amino acid decarboxylation, as part of the extreme acid resistance (XAR) response.
yaeM	300267.SDY_0189	0.7101427721594289	0.585068493150685	rgb(162,239,117)	1-deoxy-D-xylulose 5-phosphate reductoisomerase; Catalyzes the NADP-dependent rearrangement and reduction of 1-deoxy-D-xylulose-5-phosphate (DXP) to 2-C-methyl-D-erythritol 4- phosphate (MEP).
yaeS	300267.SDY_0190	0.5886079714455682	0.5764383561643837	rgb(117,117,239)	Ditrans,polycis-undecaprenyl-diphosphate synthase ((2E,6E)-farnesyl-diphosphate specific); Catalyzes the sequential condensation of isopentenyl diphosphate (IPP) with (2E,6E)-farnesyl diphosphate (E,E-FPP) to yield (2Z,6Z,10Z,14Z,18Z,22Z,26Z,30Z,34E,38E)-undecaprenyl diphosphate (di- trans,octa-cis-UPP). UPP is the precursor of glycosyl carrier lipid in the biosynthesis of bacterial cell wall polysaccharide components such as peptidoglycan and lipopolysaccharide.
yajK	300267.SDY_0307	0.5216835217132659	0.7582876712328768	rgb(117,117,239)	tRNA sulfurtransferase; Catalyzes the ATP-dependent transfer of a sulfur to tRNA to produce 4-thiouridine in position 8 of tRNAs, which functions as a near-UV photosensor. Also catalyzes the transfer of sulfur to the sulfur carrier protein ThiS, forming ThiS-thiocarboxylate. This is a step in the synthesis of thiazole, in the thiamine biosynthesis pathway. The sulfur is donated as persulfide by IscS. 
ybbF	300267.SDY_0276	0.7593991671624034	0.5499315068493151	rgb(117,159,239)	UDP-2,3-diacylglucosamine hydrolase; Hydrolyzes the pyrophosphate bond of UDP-2,3- diacylglucosamine to yield 2,3-diacylglucosamine 1-phosphate (lipid X) and UMP by catalyzing the attack of water at the alpha-P atom. Involved in the biosynthesis of lipid A, a phosphorylated glycolipid that anchors the lipopolysaccharide to the outer membrane of the cell. 
ybeN	300267.SDY_0561	0.5682629387269483	0.71513698630137	rgb(117,223,239)	Probable nicotinate-nucleotide adenylyltransferase; Catalyzes the reversible adenylation of nicotinate mononucleotide (NaMN) to nicotinic acid adenine dinucleotide (NaAD). 
ybhE	300267.SDY_2011	0.4162105889351576	0.18808219178082192	rgb(150,101,255)	6-phosphogluconolactonase; Catalyzes the hydrolysis of 6-phosphogluconolactone to 6- phosphogluconate.
ybjG	300267.SDY_0843	0.8220404521118383	0.5419178082191781	rgb(117,187,239)	acidPPc domain-containing protein; Code: I; COG: COG0671; orf
ybjU	300267.SDY_2393	0.3080606781677573	0.3643835616438356	rgb(182,239,117)	Putative arylsulfatase; Code: E; COG: COG2008
ycaH	300267.SDY_2343	0.7347709696609162	0.5764383561643837	rgb(117,239,166)	Tetraacyldisaccharide 4'-kinase; Transfers the gamma-phosphate of ATP to the 4'-position of a tetraacyldisaccharide 1-phosphate intermediate (termed DS-1-P) to form tetraacyldisaccharide 1,4'-bis-phosphate (lipid IVA). 
ychB	300267.SDY_1257	0.6003866745984533	0.6713698630136987	rgb(117,239,175)	4-diphosphocytidyl-2-C-methyl-D-erythritol kinase; Catalyzes the phosphorylation of the position 2 hydroxy group of 4-diphosphocytidyl-2C-methyl-D-erythritol; Belongs to the GHMP kinase family. IspE subfamily. 
ydgB	300267.SDY_1547	0.5163295657346818	0.3267808219178082	rgb(117,117,239)	Dihydromonapterin reductase; Catalyzes the reduction of dihydromonapterin to tetrahydromonapterin. Also has lower activity with dihydrofolate. 
ydiB	300267.SDY_1475	0.2823616894705533	0.5597945205479452	rgb(148,239,117)	Quinate/shikimate dehydrogenase; The actual biological function of YdiB remains unclear, nor is it known whether 3-dehydroshikimate or quinate represents the natural substrate. Catalyzes the reversible NAD-dependent reduction of both 3-dehydroshikimate (DHSA) and 3-dehydroquinate to yield shikimate (SA) and quinate, respectively. It can use both NAD or NADP for catalysis, however it has higher catalytic efficiency with NAD. 
yfhF	300267.SDY_2724	0.4547590719809637	0.7847945205479453	rgb(217,239,117)	Iron-binding protein IscA; Is able to transfer iron-sulfur clusters to apo-ferredoxin. Multiple cycles of [2Fe2S] cluster formation and transfer are observed, suggesting that IscA acts catalytically. Recruits intracellular free iron so as to provide iron for the assembly of transient iron-sulfur cluster in IscU in the presence of IscS, L-cysteine and the thioredoxin reductase system TrxA/TrxB.
yfhO	300267.SDY_2726	0.3048483045806068	0.6374657534246576	rgb(154,239,117)	Cysteine desulfurase IscS; Master enzyme that delivers sulfur to a number of partners involved in Fe-S cluster assembly, tRNA modification or cofactor biosynthesis. Catalyzes the removal of elemental sulfur and selenium atoms from cysteine and selenocysteine to produce alanine. Functions as a sulfur delivery protein for Fe-S cluster synthesis onto IscU, an Fe-S scaffold assembly protein, as well as other S acceptor proteins. Also functions as a selenium delivery protein in the pathway for the biosynthesis of selenophosphate.
yfjB	300267.SDY_2788	0.5870017846519929	0.49013698630136987	rgb(117,117,239)	NAD kinase; Involved in the regulation of the intracellular balance of NAD and NADP, and is a key enzyme in the biosynthesis of NADP. Catalyzes specifically the phosphorylation on 2'-hydroxyl of the adenosine moiety of NAD to yield NADP.
ygaG	300267.SDY_2884	0.3241225461035098	0.7675342465753425	rgb(226,239,117)	S-ribosylhomocysteine lyase; Involved in the synthesis of autoinducer 2 (AI-2) which is secreted by bacteria and is used to communicate both the cell density and the metabolic potential of the environment. The regulation of gene expression in response to changes in cell density is called quorum sensing. Catalyzes the transformation of S-ribosylhomocysteine (RHC) to homocysteine (HC) and 4,5-dihydroxy-2,3-pentadione (DPD). ; Belongs to the LuxS family.
ygbB	300267.SDY_2945	0.6507138607971447	0.6066438356164384	rgb(126,239,117)	2-C-methyl-D-erythritol 2,4-cyclodiphosphate synthase; Involved in the biosynthesis of isopentenyl diphosphate (IPP) and dimethylallyl diphosphate (DMAPP), two major building blocks of isoprenoid compounds. Catalyzes the conversion of 4-diphosphocytidyl-2- C-methyl-D-erythritol 2-phosphate (CDP-ME2P) to 2-C-methyl-D-erythritol 2,4-cyclodiphosphate (ME-CPP) with a corresponding release of cytidine 5-monophosphate (CMP).
ygbP	300267.SDY_2946	0.6400059488399763	0.5345205479452054	rgb(117,134,239)	2-C-methyl-D-erythritol 4-phosphate cytidylyltransferase; Catalyzes the formation of 4-diphosphocytidyl-2-C-methyl-D- erythritol from CTP and 2-C-methyl-D-erythritol 4-phosphate (MEP). ; Belongs to the IspD/TarI cytidylyltransferase family. IspD subfamily.
ygiE	300267.SDY_3200	0.8402439024390245	0.43404109589041096	rgb(117,205,239)	Zinc transporter ZupT; Mediates zinc uptake. May also transport other divalent cations; Belongs to the ZIP transporter (TC 2.A.5) family. ZupT subfamily.
ygiH	300267.SDY_3242	0.5168649613325401	0.2947260273972603	rgb(117,122,239)	Glycerol-3-phosphate acyltransferase; Catalyzes the transfer of an acyl group from acyl-ACP to glycerol-3-phosphate (G3P) to form lysophosphatidic acid (LPA). This enzyme can also utilize acyl-CoA as fatty acyl donor, but not acyl- PO(4); Belongs to the PlsY family.
yhaD	300267.SDY_3318	0.5837894110648424	0.1658904109589041	rgb(239,239,117)	Uncharacterized protein; Code: G; COG: COG1929; orf; Belongs to the glycerate kinase type-1 family. 
yhaE	300267.SDY_3319	0.4226353361094587	0.24910958904109592	rgb(117,177,239)	2-hydroxy-3-oxopropionate reductase; Catalyzes the reduction of tatronate semialdehyde to D- glycerate; Belongs to the HIBADH-related family. 2-hydroxy-3- oxopropionate reductase subfamily.
yhbG	300267.SDY_3382	0.7058596073765616	0.6608904109589041	rgb(117,188,239)	Putative ATP-binding component of a transport system; Code: R; COG: COG1137
yhbN	300267.SDY_3381	0.70639500297442	0.6886301369863014	rgb(131,239,117)	Lipopolysaccharide export system protein LptA; Involved in the assembly of lipopolysaccharide (LPS). Required for the translocation of LPS from the inner membrane to the outer membrane. May form a bridge between the inner membrane and the outer membrane, via interactions with LptC and LptD, thereby facilitating LPS transfer across the periplasm.
yhfW	300267.SDY_3701	0.654997025580012	0.22876712328767124	rgb(117,127,239)	Putative mutase; Code: G; COG: COG1015
yigC	300267.SDY_3902	0.589678762641285	0.24602739726027395	rgb(117,117,239)	3-octaprenyl-4-hydroxybenzoate carboxy-lyase; Catalyzes the decarboxylation of 3-octaprenyl-4-hydroxy benzoate to 2-octaprenylphenol, an intermediate step in ubiquinone biosynthesis.
yjgP	300267.SDY_4285	0.6346519928613921	0.7274657534246576	rgb(117,239,157)	Uncharacterized protein; Code: R; COG: COG0795; orf
yjgQ	300267.SDY_4286	0.7262046400951815	0.7268493150684932	rgb(117,207,239)	Uncharacterized protein; Code: R; COG: COG0795; orf
yrbG	300267.SDY_3377	0.742266508030934	0.545	rgb(117,239,203)	Uncharacterized protein; Code: P; COG: COG0530; orf
yrbH	300267.SDY_3378	0.6683819155264724	0.3958219178082192	rgb(117,190,239)	Arabinose 5-phosphate isomerase; Code: M; COG: COG0794
yrbI	300267.SDY_3379	0.6555324211778704	0.6177397260273974	rgb(117,239,233)	3-deoxy-D-manno-octulosonate 8-phosphate phosphatase KdsC; Catalyzes the hydrolysis of 3-deoxy-D-manno-octulosonate 8- phosphate (KDO 8-P) to 3-deoxy-D-manno-octulosonate (KDO) and inorganic phosphate; Belongs to the KdsC family. 
yrbK	300267.SDY_3380	0.7465496728138015	0.6158904109589042	rgb(117,117,239)	Lipopolysaccharide export system protein LptC; Involved in the assembly of lipopolysaccharide (LPS). Required for the translocation of LPS from the inner membrane to the outer membrane. Facilitates the transfer of LPS from the inner membrane to the periplasmic protein LptA. Could be a docking site for LptA. ; Belongs to the LptC family.
zwf	300267.SDY_1138	0.46064842355740626	0.3156849315068493	rgb(117,117,239)	Glucose-6-phosphate 1-dehydrogenase; Catalyzes the oxidation of glucose 6-phosphate to 6- phosphogluconolactone.
